Protein  A,TYPE A,Residue and site(A),Protein B,Residue and site(B)
P62807,H2B,K109,P62979,K63
P68431,H3,K123,P62987,K48
P68431,H3,K123,P62979,K48
P62807,H2B,K109,P62987,K48
P62807,H2B,K109,P62979,K48
Q96A08,H2B,K110,P62987,K48
Q96A08,H2B,K110,P62979,K48
P62805,H4,K78,P62987,K48
P62805,H4,K78,P62979,K48
P68431,H3,K80,P62987,K48
P68431,H3,K80,P62979,K48
Q93079,H2B,K109,P62979,K63
P62807,H2B,K109,P62987,K63
Q6FI13,H2A,K96,P62987,K48
Q6FI13,H2A,K96,P62979,K48
Q99880,H2B,K109,P62987,K6
Q99880,H2B,K109,P62979,K6
Q93079,H2B,K109,P62987,K48
Q93079,H2B,K109,P62979,K48
P62807,H2B,K109,P62987,K6
P10412,H1,K34,P62987,K48
P10412,H1,K34,P62979,K48
P0C0S8,H2A,K96,P62987,K48
P0C0S8,H2A,K96,P62979,K48
P62807,H2B,K109,P62979,K6
Q93079,H2B,K109,P62987,K63
Q99880,H2B,K109,P62987,K48
Q99880,H2B,K109,P62979,K48
P68431,H3,K123,P62987,K48
P68431,H3,K123,P62979,K48
Q93079,H2B,K109,P62979,K6
P62807,H2B,K109,P62987,K6
P62807,H2B,K109,P62979,K6
P68431,H3,K123,P62987,K48
P68431,H3,K123,P62979,K48
Q93079,H2B,K109,P05204,K82
O60814,H2B,K109,P05204,K82
P68431,H3,K57,P62987,K48
P68431,H3,K57,P62979,K48
Q93079,H2B,K109,P62987,K6
Q93079,H2B,K109,P62979,K6
Q71DI3,H3,K123,P62987,K48
Q71DI3,H3,K123,P62979,K48
Q93079,H2B,K117,P62987,K48
Q93079,H2B,K117,P62979,K48
Q93079,H2B,K109,P62987,K6
P16403,H1,K34,P62987,K48
P16403,H1,K34,P62979,K48
Q6FI13,H2A,K96,P62987,K6
Q6FI13,H2A,K96,P62979,K6
Q7L7L0,H2A,K96,P62987,K48
Q7L7L0,H2A,K96,P62979,K48
Q99880,H2B,K117,P62987,K48
Q99880,H2B,K117,P62979,K48
Q99880,H2B,K121,P62987,K48
Q99880,H2B,K121,P62979,K48
P62805,H4,K32,P62987,K48
P62805,H4,K32,P62979,K48
P62807,H2B,K117,P62979,K48
Q96A08,H2B,K110,P62979,K6
P62807,H2B,K117,P62987,K48
O60814,H2B,K121,P62979,K48
P68431,H3,K5,P62987,K48
P68431,H3,K5,P62979,K48
Q93079,H2B,K121,P62987,K48
Q93079,H2B,K121,P62979,K48
P04908,H2A,K96,P62987,K48
P04908,H2A,K96,P62979,K48
Q99880,H2B,K109,P62987,K63
Q99880,H2B,K109,P62979,K63
P62807,H2B,K109,P62987,MN-Term
P62807,H2B,K109,P62979,MN-Term
Q93079,H2B,K109,P24928,K285
O60814,H2B,K109,P24928,K285
P68431,H3,K123,P62987,K48
P68431,H3,K123,P62979,K48
P68431,H3,K57,P62987,K6
P68431,H3,K57,P62979,K6
Q99880,H2B,K121,P05114,K14
P58876,H2B,K121,P05114,K14
Q96A08,H2B,K110,P62979,K63
P68431,H3,K19,P62987,K48
P68431,H3,K19,P62979,K48
Q93079,H2B,K109,P05204,K11
O60814,H2B,K109,P05204,K11
P0C0S8,H2A,K96,P62979,K6
Q6FI13,H2A,K119,O43765,K4
Q93079,H2B,K6,Q9BR39,K647
P68431,H3,K80,O00268,K1016
Q99880,H2B,K109,Q5T653,K81
Q96A08,H2B,K110,P62987,K6
Q96A08,H2B,K110,P62979,K6
Q6FI13,H2A,K6,P62987,K48
Q6FI13,H2A,K6,P62979,K48
P0C0S8,H2A,K126,P62987,K48
Q93079,H2B,K109,Q5T653,K81
P0C0S8,H2A,K126,P62979,K48
P10412,H1,K46,Q03164,K277
P10412,H1,K140,P61081,K21
P68431,H3,K24,P62987,K48
P68431,H3,K24,P62979,K48
P68431,H3,K123,P62987,K6
P68431,H3,K123,P62979,K6
P62807,H2B,K121,P62987,K48
P62807,H2B,K121,P62979,K48
Q99880,H2B,K109,P24928,K285
Q71UI9,H2A,K12,P0DMV8,K550
P58876,H2B,K109,P24928,K285
Q93079,H2B,K109,P05114,K27
O60814,H2B,K109,P05114,K27
Q99880,H2B,K109,P62424,K3
P16403,H1,K75,P62979,K48
P16403,H1,K46,Q8N427,K4
P0C0S8,H2A,K6,P62987,K48
P0C0S8,H2A,K6,P62979,K48
Q6FI13,H2A,K119,Q8TAQ2,K455
P62805,H4,K9,P62987,K48
P62805,H4,K9,P62979,K48
P62807,H2B,K109,P62826,K28
O60814,H2B,K109,P62826,K28
Q96A08,H2B,K110,P62987,K6
P62805,H4,K60,P24928,K285
P68431,H3,K80,P24928,K285
Q71DI3,H3,K5,P62987,K48
Q71DI3,H3,K5,P62979,K48
Q99880,H2B,K117,P24928,K285
P58876,H2B,K117,P24928,K285
Q71DI3,H3,K123,A6NDY0,K218
P62807,H2B,K117,Q9BR39,K647
O60814,H2B,K117,Q9BR39,K647
P10412,H1,K46,Q9NZI8,K300
P62805,H4,K78,P24928,K285
P16403,H1,K46,P20929,K5045
Q93079,H2B,K109,Q53GA4,K2
O60814,H2B,K109,Q53GA4,K2
P68431,H3,K123,Q03164,K277
Q99880,H2B,K109,P05114,K27
P58876,H2B,K109,P05114,K27
Q99880,H2B,K109,Q03164,K277
P58876,H2B,K109,Q03164,K277
Q96A08,H2B,K122,P62987,K48
Q96A08,H2B,K122,P62979,K48
P10412,H1,K46,Q8WTT2,K7
Q93079,H2B,K109,Q15532,K13
O60814,H2B,K109,Q15532,K13
P62807,H2B,K109,Q02880,K1498
O60814,H2B,K109,Q02880,K1498
Q71UI9,H2A,K78,P62987,K48
Q71UI9,H2A,K78,P62979,K48
P0C0S8,H2A,K96,O00268,K1016
Q71DI3,H3,K57,O43765,K4
P62807,H2B,K117,P51531,K554
Q96A08,H2B,K110,Q9H7Z7,K225
O60814,H2B,K109,Q9H7Z7,K225
P16403,H1,K46,P17096,K67
P10412,H1,K46,P35268,K5
Q93079,H2B,K109,O43765,K4
O60814,H2B,K109,O43765,K4
P62807,H2B,K117,Q9H7N4,K909
P16403,H1,K75,Q8WZ42,K9985
P10412,H1,K26,P62987,K48
P10412,H1,K26,P62979,K48
P16403,H1,K75,Q8IYB3,K456
P16403,H1,K17,Q9Y4B4,K966
Q93079,H2B,K121,P62987,K63
Q93079,H2B,K109,P62987,K33
Q93079,H2B,K121,P62979,K63
Q93079,H2B,K109,P62979,K33
P16403,H1,K46,P61247,K5
P16403,H1,K46,Q9Y3C1,K3
P68431,H3,K80,P62987,K48
P68431,H3,K80,P62979,K48
P62807,H2B,K109,O43765,K4
Q99880,H2B,K121,P05204,K11
P58876,H2B,K121,P05204,K11
Q93079,H2B,K117,P24928,K285
O60814,H2B,K117,P24928,K285
P62805,H4,K32,P24928,K285
P10412,H1,K75,P47914,K3
O75367,H2A,K121,P22626,K120
O75367,H2A,K121,P09651,K113
Q16695,H3,K5,P62987,K48
Q16695,H3,K5,P62979,K48
P10412,H1,K46,P17096,K67
P16403,H1,K46,P20929,K5045
Q93079,H2B,K109,P48634,K882
O60814,H2B,K109,P48634,K882
P0C0S8,H2A,K119,P47914,K3
P68431,H3,K80,P12236,K43
P68431,H3,K123,Q13395,K282
P0C0S8,H2A,K119,O43765,K4
P62807,H2B,K109,P35749,K1337
O60814,H2B,K109,P35749,K1337
P62807,H2B,K6,P62987,K48
P62807,H2B,K6,P62979,K48
P16403,H1,K46,P29536,K131
P68431,H3,K5,Q99623,K262
P62807,H2B,K121,P05204,K18
Q71DI3,H3,K57,O43765,K4
P62807,H2B,K6,Q6Q759,K165
O60814,H2B,K6,Q6Q759,K165
P62807,H2B,K117,Q93073,K482
P16104,H2A,K135,P62987,K48
P16104,H2A,K135,P62979,K48
Q71DI3,H3,K80,Q9UQE7,K238
P62807,H2B,K109,P62987,K63
P62807,H2B,K109,P62979,K63
P0C0S8,H2A,K119,Q9Y520,K1041
Q92522,H1,K19,P12236,K147
P10412,H1,K46,P82930,K4
P16403,H1,K46,O94906,K3
P62807,H2B,K21,P49736,K807
O60814,H2B,K21,P49736,K807
Q6FI13,H2A,K126,P62987,K48
Q6FI13,H2A,K119,P20929,K1096
Q6FI13,H2A,K126,P62979,K48
P16403,H1,K46,Q9UN37,K83
P62807,H2B,K6,P12236,K43
O60814,H2B,K6,P12236,K43
P0C0S8,H2A,K96,P62987,K6
P0C0S8,H2A,K96,P62979,K6
Q6FI13,H2A,K96,O00268,K1016
P68431,H3,K5,P62987,K63
P68431,H3,K5,P62979,K63
P68431,H3,K57,O43765,K4
P16403,H1,K46,P05976,K4
Q71DI3,H3,K123,P62987,K48
P16403,H1,K90,P20929,K5045
Q71DI3,H3,K123,P62979,K48
P62807,H2B,K109,P48634,K882|K883
O60814,H2B,K109,P48634,K882|K883
P62805,H4,K78,Q9Y237,K4
P68431,H3,K37,Q03164,K277
Q71DI3,H3,K80,Q2NL82,K695
P16403,H1,K34,O15357,K901
Q02539,H1,K29,P62081,K160
Q02539,H1,K35,P62081,K160
Q02539,H1,K25,P62081,K160
Q02539,H1,K26,P62081,K160
P62807,H2B,K6,P05204,K82
O60814,H2B,K6,P05204,K82
P0C0S8,H2A,K96,P37837,K130|K136
Q99880,H2B,K109,O15417,K2719
P58876,H2B,K109,O15417,K2719
Q96A08,H2B,K110,Q8IYB3,K622
O60814,H2B,K109,Q8IYB3,K622
P16403,H1,K46,Q9UEW3,K4
P58876,H2B,K121,P05204,K18
P16403,H1,K46,Q9NZI8,K300
Q96A08,H2B,K110,P61247,K145
Q93079,H2B,K109,O15417,K1770
O60814,H2B,K109,O15417,K1770
Q93079,H2B,K117,P05204,K18
P0C0S8,H2A,K96,P62987,K6
P0C0S8,H2A,K96,P62979,K6
P10412,H1,K46,O94906,K3
P10412,H1,K63,Q9C0D5,K3
P62807,H2B,K117,O43765,K4
O60814,H2B,K117,O43765,K4
P68431,H3,K80,Q86YW0,K327
P16403,H1,K90,O95922,K4
P10412,H1,K140,P61081,K36
Q6FI13,H2A,K6,P05204,K82
P04908,H2A,K96,O00268,K1016
P68431,H3,K57,P55209,K200
O75367,H2A,K72,P62979,K48
Q99880,H2B,K117,Q03164,K277
P58876,H2B,K117,Q03164,K277
P68431,H3,K123,Q15911,K331
P62805,H4,K78,P24928,K285
P62807,H2B,K109,P62826,K28
Q71DI3,H3,K123,P67775,K4
O60814,H2B,K109,P62826,K28
P10412,H1,K17,Q9UKX7,K3
P10412,H1,K21,Q9UKX7,K3
P10412,H1,K17,P61513,K3
P10412,H1,K21,P61513,K3
Q99877,H2B,K6,P62851,K52
Q99880,H2B,K109,P05204,K11
P58876,H2B,K109,P05204,K11
P16403,H1,K21,P06748,K202
Q71DI3,H3,K57,Q9H1E3,K102
P62807,H2B,K117,Q13442,K119
O60814,H2B,K117,Q13442,K119
P10412,H1,K46,P46087,K627
Q6FI13,H2A,K10,P62979,K48
Q71DI3,H3,K57,O43765,K4
P68431,H3,K57,O00716,K176
P68431,H3,K123,A6NDY0,K218
P62807,H2B,K117,Q7Z6Z7,K1035
Q93079,H2B,K6,Q9NTI5,K1316
Q96A08,H2B,K25,Q00839,K516
P68431,H3,K57,O43765,K4
Q93079,H2B,K121,P05204,K11
P68431,H3,K10,P62987,K48
P0C0S8,H2A,K6,P05204,K82
P58876,H2B,K121,P05204,K11
P68431,H3,K10,P62979,K48
P68431,H3,K80,O75940,K195
P16402,H1,K17,O94906,K3
P62805,H4,K78,P52209,K261
P16403,H1,K23;K26;K27,P06748,K193
P10412,H1,K75,O75157,K3
Q99877,H2B,K6;K12;K13,P05141,K147
Q99880,H2B,K121,P05204,K18
Q93079,H2B,K6,P20929,K5045
Q71UI9,H2A,K116,P62841,K7
P62807,H2B,K6,P46821,K2251
O60814,H2B,K6,P46821,K2251
P0C0S8,H2A,K14,P47914,K134
P10412,H1,K217,P26639,K75
Q99880,H2B,K109,O76041,K447
P58876,H2B,K109,O76041,K447
P62805,H4,K32,Q9UQE7,K963
P62805,H4,K9;K13;K17,P12236,K43
Q71DI3,H3,K28,Q9H0A0,K4|K5
P68431,H3,K80,Q13813,K2052
P68431,H3,K19,P05204,K82
P68431,H3,K123,P37108,K42
P68431,H3,K80,O43615,K157
P62807,H2B,K109,Q8WUA2,K327
Q71DI3,H3,K5,P12236,K43
P0C0S8,H2A,K6,P61326,K41
P16403,H1,K63,Q9C0D5,K3
P62805,H4,K78,Q03164,K277
Q6FI13,H2A,K119,P20929,K356
Q96A08,H2B,K122,P05204,K18
P68431,H3,K57,P47914,K3
Q99880,H2B,K121,P02545,K201
P58876,H2B,K121,P02545,K201
P62807,H2B,K6;K12;K13,Q9BR39,K647
O60814,H2B,K6;K12;K13,Q9BR39,K647
P62807,H2B,K121,P05204,K18
Q93079,H2B,K121,P05204,K18
Q96A08,H2B,K110,P48634,K882
O60814,H2B,K109,P48634,K882
Q93079,H2B,K121,P24928,K285
P58876,H2B,K121,P24928,K285
P62807,H2B,K6,P24928,K285
O60814,H2B,K6,P24928,K285
P68431,H3,K5,P62987,K63
P68431,H3,K5,P62979,K63
P62805,H4,K45,P62987,K48
P62805,H4,K45,P62979,K48
Q93079,H2B,K109,O15417,K2719
O60814,H2B,K109,O15417,K2719
P10412,H1,K52,Q03164,K277
Q99880,H2B,K109,P22626,K13
P58876,H2B,K109,P22626,K13
P62805,H4,K6;K9;K13,O14598,K4
Q16695,H3,K80,P62987,K48
Q16695,H3,K80,P62979,K48
P62807,H2B,K6,Q53EL6,K115
O60814,H2B,K6,Q53EL6,K115
P16403,H1,K52,P46087,K627
Q93079,H2B,K109,P22626,K13|K14
Q93079,H2B,K121,P05204,K18
O60814,H2B,K109,P22626,K13|K14
P62805,H4,K6,P62987,K48
P62805,H4,K6,P62979,K48
P68431,H3,K57,O43765,K4
Q71UI9,H2A,K116,P22415,K2
P62807,H2B,K117,Q9UQ35,K770
P62807,H2B,K117,P61254,K124
Q93079,H2B,K6,P12236,K43
P62807,H2B,K117,P25490,K174
O60814,H2B,K117,P25490,K174
P10412,H1,K46,Q01813,K263
P68431,H3,K80,Q99436,K127
P10412,H1,K46,P84098,K152
P0C0S8,H2A,K16,P62979,K48
P58876,H2B,K6,Q86VM9,K758
P62805,H4,K78,O15417,K2719
Q99880,H2B,K121,P24928,K285
Q7L7L0,H2A,K96,Q8NB66,K973
P10412,H1,K34,Q03164,K277
P16403,H1,K85,Q8WZ42,K19841
P62807,H2B,K109,Q9Y3U8,K23
P58876,H2B,K109,P62826,K28
P68431,H3,K57,P22415,K2
P62807,H2B,K117,P05204,K18
O60814,H2B,K117,P05204,K18
P62805,H4,K78,P62753,K149
Q16695,H3,K123,A6NDY0,K218
P62807,H2B,K117,P48634,K882|K883
O60814,H2B,K117,P48634,K882|K883
P68431,H3,K5,P05204,K18
Q93079,H2B,K6,Q12840,K354
P68431,H3,K80,Q53EL6,K115
P68431,H3,K57,O43765,K4|K5
P10412,H1,K168,O75400,K920
P62807,H2B,K6,Q96SU4,K446
O60814,H2B,K6,Q96SU4,K446
Q93079,H2B,K109,P61758,K95
O60814,H2B,K109,P61758,K95
P68431,H3,K80,O15417,K2719
P04908,H2A,K96,P12236,K43
P10412,H1,K148,Q8N427,K4
Q96A08,H2B,K110,Q8N1G4,K269
O60814,H2B,K109,Q8N1G4,K269
P62807,H2B,K12;K13;K16,Q9BR39,K647
Q9P0M6,H2A,K72,P62979,K48
O60814,H2B,K12;K13;K16,Q9BR39,K647
P0C0S8,H2A,K126,O43765,K4
P62805,H4,K78,P62424,K3
P16403,H1,K140,Q13459,K1390
P62805,H4,K78,Q9H7Z7,K225
P16403,H1,K34,O94906,K3
P06899,H2B,K121,P24928,K285
O60814,H2B,K121,P24928,K285
P62807,H2B,K21,Q16659,K492
O60814,H2B,K21,Q16659,K492
P16403,H1,K46,P35268,K5
P0C0S8,H2A,K119,P62081,K179
Q71DI3,H3,K123,A6NDY0,K218
P62807,H2B,K6,Q8N3U4,K1081
O60814,H2B,K6,Q8N3U4,K1081
P62807,H2B,K121,P05204,K11
P68431,H3,K123,Q13395,K282
P62805,H4,K78,O43615,K157
Q6FI13,H2A,K119,P47914,K3
P58876,H2B,K6,Q1ED39,K241
Q99880,H2B,K109,P05204,K82
P58876,H2B,K109,P05204,K82
P68431,H3,K123,A6NDY0,K218
P62805,H4,K6;K9;K13,P12236,K43
P62807,H2B,K6,Q1ED39,K244
P10412,H1,K140;K148;K149,Q06830,K7
P62807,H2B,K121,Q8NEZ4,K1708
P0C0S8,H2A,K126,P62979,K48
P68431,H3,K57,Q13395,K282
P16403,H1,K191,Q02750,K3
P62807,H2B,K6,Q9BZI7,K403
O60814,H2B,K6,Q9BZI7,K403
P68431,H3,K5,P12236,K43
P58876,H2B,K121,P05204,K18
P68431,H3,K80,P62424,K3
P68431,H3,K123,P22415,K2
P16403,H1,K34,Q13442,K156
P62805,H4,K80,P62424,K3
P16403,H1,K34,O95239,K2
P62807,H2B,K121,Q03164,K277
P58876,H2B,K121,Q03164,K277
P62805,H4,K78,Q32P51,K3
P62805,H4,K6,P19338,K398
P06899,H2B,K121,P05204,K18
O60814,H2B,K121,P05204,K18
Q93079,H2B,K6,Q96SU4,K446
Q96A08,H2B,K110,P62826,K28
P68431,H3,K19,P62987,K63
P68431,H3,K19,P62979,K63
P68431,H3,K57,Q9H1E3,K102
P16403,H1,K34,P26583,K68
Q99880,H2B,K109,P62826,K28
P68431,H3,K57,O43765,K4
P68431,H3,K123,Q15911,K331
P10412,H1,K160,Q9Y3U8,K103
P68431,H3,K80,Q53GA4,K2
P10412,H1,K90,Q99590,K829
Q96A08,H2B,K122,Q709C8,K1745
P58876,H2B,K121,Q709C8,K1745
P62807,H2B,K6,Q76FK4,K103
O60814,H2B,K6,Q76FK4,K103
P10412,H1,K52,P46087,K627
P62807,H2B,K109,Q8TAQ2,K702
P68431,H3,K80,Q96AG4,K210;K215;K216
P68431,H3,K80,O15018,K307
Q99880,H2B,K109,P62979,MN-Term
P16403,H1,K168,O75400,K920
P0C0S8,H2A,K75,P62979,K6
Q93079,H2B,K47,Q53EL6,K115
O60814,H2B,K47,Q53EL6,K115
Q93079,H2B,K117,P22626,K13
O60814,H2B,K117,P22626,K13
P68431,H3,K57,Q9BZA7,K527
Q16695,H3,K80,P12236,K43
Q93079,H2B,K117,O15417,K2719
O60814,H2B,K117,O15417,K2719
Q99880,H2B,K109,O43765,K4
P58876,H2B,K109,O43765,K4
Q71DI3,H3,K57,P67775,K4
Q96A08,H2B,K110,P05114,K27
P62807,H2B,K6,P05455,K285
O60814,H2B,K6,P05455,K285
Q93079,H2B,K6,Q16659,K492
P62807,H2B,K6,Q9BR39,K651
O60814,H2B,K6,Q9BR39,K651
P68431,H3,K80,E9PAV3,K1568
Q93079,H2B,K6,P23396,K7
P62807,H2B,K6,Q9Y5T5,K449
O60814,H2B,K6,Q9Y5T5,K449
Q93079,H2B,K121,P08238,K646
P62805,H4,K80,P62424,K3
P0C0S8,H2A,K75,P62987,K48
Q96A08,H2B,K122,P05204,K18
P0C0S8,H2A,K75,P62979,K48
P68431,H3,K123,Q8WZ42,K10492
P68431,H3,K80,Q08945,K421
P62807,H2B,K21,Q1ED39,K241
P62807,H2B,K117,P62316,K88
P06899,H2B,K121,P02545,K201
O60814,H2B,K117,P62316,K88
O60814,H2B,K121,P02545,K201
Q93079,H2B,K109,P62701,K6
P68431,H3,K123,P20929,K356
Q96A08,H2B,K13,P23396,K62
Q93079,H2B,K109,P62826,K28
P68431,H3,K57,Q13151,K171
Q71DI3,H3,K123,Q9Y2W2,K372
P68431,H3,K15,Q03164,K277
P62807,H2B,K121,P02545,K201
P0C0S8,H2A,K119,Q71RC2,K691
Q16695,H3,K57,O43765,K4
P68431,H3,K19,O15213,K14
P68431,H3,K80,O43149,K918
P68431,H3,K80,Q9Y230,K368
P62807,H2B,K117,Q03164,K277
O60814,H2B,K117,Q03164,K277
P16403,H1,K168,Q02750,K3
P68431,H3,K123,A6NDY0,K218
Q93079,H2B,K17,P62979,K48
Q6FI13,H2A,K126,A6NDY0,K218
P68431,H3,K24,Q14980,K1096
Q71DI3,H3,K24,Q8WUA2,K327
Q99880,H2B,K21,A8MW92,K350
Q6FI13,H2A,K96,Q8NHW5,K50
P58876,H2B,K21,A8MW92,K350
P0C0S8,H2A,K126,A2RU54,K150
P0C0S8,H2A,K37,Q9BR39,K647
P06899,H2B,K121,Q9UQE7,K963
O60814,H2B,K121,Q9UQE7,K963
P62807,H2B,K6,Q9BR39,K647
O60814,H2B,K6,Q9BR39,K647
Q71DI3,H3,K24,Q14690,K1647
Q99880,H2B,K109,Q13428,K6
P58876,H2B,K109,Q13428,K6
Q99880,H2B,K6,Q9H7N4,K909
P0C0S8,H2A,K126,O43765,K4
P62807,H2B,K6,Q9BXJ9,K625
O60814,H2B,K6,Q9BXJ9,K625
P16403,H1,K21,P06748,K32
P0C0S8,H2A,K119,O14733,MN-Term
P68431,H3,K24,P36873,K302|K303
P68431,H3,K80,P61604,K56
P62805,H4,K78,P24928,K285
Q99880,H2B,K117,P11717,K1579
P68431,H3,K57,Q9Y520,K1041
P06899,H2B,K121,P11388,K1199
P58876,H2B,K117,P11717,K1579
O60814,H2B,K121,P11388,K1199
P0C0S8,H2A,K126,O43395,K506
P10412,H1,K160,O75400,K920
P62807,H2B,K6,P20929,K5045
O60814,H2B,K6,P20929,K5045
P16403,H1,K191,Q9NPD8,K8
P10412,H1,K34,Q14978,K245
P58876,H2B,K121,P05204,K18
P62807,H2B,K6,Q9NQG5,K275
O60814,H2B,K6,Q9NQG5,K275
P16403,H1,K34,Q7KZF4,K160
P16403,H1,K46,P23497,K567
Q16695,H3,K28,Q03164,K277
Q16695,H3,K57,Q58FF6,K178
Q16695,H3,K57,P08238,K203
P62807,H2B,K6,Q9H7N4,K909
O60814,H2B,K6,Q9H7N4,K909
Q93079,H2B,K6,Q9H7N4,K909
P06899,H2B,K35,Q01082,K714
Q93079,H2B,K6;K12;K13,P36578,K400
P62807,H2B,K6,Q9NRL3,K469
P10412,H1,K130,P50914,K182
O60814,H2B,K6,Q9NRL3,K469
P62805,H4,K80,Q8TDW5,K460
P68431,H3,K80,P82970,MN-Term|K3
P62807,H2B,K6,Q9BR39,K647
O60814,H2B,K6,Q9BR39,K647
P62807,H2B,K21,Q96SU4,K446
O60814,H2B,K21,Q96SU4,K446
P10412,H1,K46,Q9UPN3,K81
P0C0S8,H2A,K96,P62987,K6
P68431,H3,K57,Q8TAQ2,K292
P68431,H3,K5,Q9Y3U8,K19
P10412,H1,K46,P20929,K5045
P16403,H1,K21,P06748,K202
P16403,H1,K34,P35268,K5
P62805,H4,K80,P82970,K177
P62807,H2B,K6,Q96SU4,K446
O60814,H2B,K6,Q96SU4,K446
P68431,H3,K123,Q8WZ42,K10492
P58876,H2B,K6,Q93073,K482
P10412,H1,K110,Q03164,K277
P10412,H1,K213,Q9Y3U8,K62
Q96A08,H2B,K110,P49736,K384
O60814,H2B,K109,P49736,K384
P62807,H2B,K121,Q16659,K492
P58876,H2B,K121,Q16659,K492
P0C0S8,H2A,K119,P20929,K356
P68431,H3,K5,P24043,K1676
P68431,H3,K57,Q00839,K242
Q93077,H2A,K96,P12236,K43
P0C0S8,H2A,K126,Q9Y3U8,K99
P16403,H1,K23;K26;K27,P35268,K5
P62807,H2B,K6,O43615,K157
O60814,H2B,K6,O43615,K157
Q6FI13,H2A,K6,P17096,K7
P68431,H3,K123,Q2LD37,K2974
P62807,H2B,K117,P05204,K18
O60814,H2B,K117,P05204,K18
P68431,H3,K57,Q00839,K242
Q93079,H2B,K109,Q9UQE7,K963
O60814,H2B,K109,Q9UQE7,K963
P68431,H3,K123,Q9Y2W2,K372
P68431,H3,K24,P62308,K20
P16403,H1,K211,P05204,K51
P62805,H4,K13,P62987,K48
P68431,H3,K5,P62987,K6
P68431,H3,K24,Q9Y606,K184
P62805,H4,K13,P62979,K48
P68431,H3,K5,P62979,K6
P62807,H2B,K6,O60678,K279
O60814,H2B,K6,O60678,K279
P16402,H1,K169,P62851,K17
P62807,H2B,K6,Q9NRL3,K469
O60814,H2B,K6,Q9NRL3,K469
P0C0S8,H2A,K96,P20929,K356
P68431,H3,K5,P24928,K285
P16403,H1,K34,Q03164,K277
Q96A08,H2B,K122,O15397,K1010
P58876,H2B,K121,O15397,K1010
P0C0S5,H2A,K126,P52815,K173
Q16778,H2B,K35,O94826,K563
P16403,H1,K168,Q02750,K3
P10412,H1,K159,P62851,K17
P62805,H4,K78,P62987,K48
P62805,H4,K78,P62979,K48
P10412,H1,K34,Q8WZ42,K7429
Q71DI3,H3,K57,Q9Y2W2,K372
Q93079,H2B,K6,Q69YQ0,K3
P0C0S8,H2A,K16,P62987,K48
P68431,H3,K57,P62826,K130
P68431,H3,K80,P35579,K1370
P68431,H3,K123,Q8WZ42,K10492
P62807,H2B,K121,P12236,K43
P06899,H2B,K121,P12236,K43
O60814,H2B,K121,P12236,K43
P16403,H1,K129,Q02878,K38
P58876,H2B,K121,P05204,K18
P16401,H1,K149,P63279,K146
Q93079,H2B,K109,P46778,K7
P06899,H2B,K121,O00193,K49
Q71DI3,H3,K80,P84098,K80
O60814,H2B,K121,O00193,K49
Q71DI3,H3,K80,Q8WUA2,K327
P68431,H3,K57,P62987,K6
Q93079,H2B,K121,P05204,K82
P68431,H3,K57,P62979,K6
P58876,H2B,K121,P05204,K82
P62807,H2B,K6;K12;K13,P05455,K280
O60814,H2B,K6;K12;K13,P05455,K280
Q93079,H2B,K35,Q96T17,K333;K336;K338
O60814,H2B,K35,Q96T17,K333;K336;K338
Q99880,H2B,K121,P08238,K646
P0C0S8,H2A,K126,Q02750,K3
Q71DI3,H3,K5,Q03164,K277
P16403,H1,K34,Q8WTT2,K2
P16403,H1,K148,Q8N427,K4
P0C0S8,H2A,K96,Q9BQK8,K482
P62807,H2B,K6,P36873,K322
Q99880,H2B,K109,P46013,K999
P58876,H2B,K109,P46013,K999
P62805,H4,K78,Q7Z6Z7,K1470
P62807,H2B,K6,Q9H7Z7,K225
P58876,H2B,K6,Q13061,K223
O60814,H2B,K6,Q9H7Z7,K225
Q93079,H2B,K21,Q5U5X0,K103
Q93079,H2B,K6,Q2LD37,K5000
O60814,H2B,K21,Q5U5X0,K103
Q99880,H2B,K109,P46777,K283
P0C0S8,H2A,K126,A6NDY0,K218
P16403,H1,K52,P20929,K5045
P62807,H2B,K121,O95394,K400
P0C0S8,H2A,K126,Q03164,K277
P62805,H4,K78,Q53EL6,K115
P10412,H1,K52,P20929,K5045
P62807,H2B,K6,Q1ED39,K241;K244
Q16695,H3,K80,P61978,K63
Q93079,H2B,K6,Q93073,K560
Q93079,H2B,K6,P62263,K5
P10412,H1,K174,P52815,K162
Q5QNW6,H2B,K21,O15042,K1005;K1008
Q5QNW6,H2B,K21,Q92922,K342;K345
P10412,H1,K186,Q15003,K213
P62807,H2B,K21,O75717,K1081
O60814,H2B,K21,O75717,K1081
P16403,H1,K106,Q9H2K8,K531
P10412,H1,K217,Q99729,K223
Q99880,H2B,K35,O94826,K563
P58876,H2B,K35,O94826,K563
Q71DI3,H3,K19,O15056,K1161
P0C0S5,H2A,K126,Q13395,K282
Q99880,H2B,K117,P05204,K18
P58876,H2B,K117,P05204,K18
Q71DI3,H3,K24,Q9Y2W1,K3
P62807,H2B,K117,P05204,K18
O60814,H2B,K117,P05204,K18
P16403,H1,K46,P06748,K193
P16403,H1,K52,Q9UEW3,K4
P16403,H1,K26,Q9H1E3,K188
P16403,H1,K27,Q9H1E3,K188
P0C0S8,H2A,K126,A6NDY0,K218
P62807,H2B,K109,P05114,K27
O60814,H2B,K109,P05114,K27
P0C0S8,H2A,K126,Q02750,K3
P62807,H2B,K6,Q9HAU5,K326
O60814,H2B,K6,Q9HAU5,K326
P10412,H1,K34,P46783,K5
Q71DI3,H3,K123,P62987,K48
Q71DI3,H3,K123,P62979,K48
Q92522,H1,K143,O60287,K2019
P06899,H2B,K121,Q32P51,K3
P68431,H3,K5,O75116,K900
O60814,H2B,K121,Q32P51,K3
P23527,H2B,K35,Q96T17,K333;K336;K338
P62807,H2B,K121,A3KN83,K955
P16403,H1,K159,P47914,K3
P58876,H2B,K121,A3KN83,K955
P62805,H4,K78,Q13428,K6
Q99880,H2B,K121,P11388,K1199
P58876,H2B,K121,P11388,K1199
Q96A08,H2B,K110,Q96ST2,K794
P62807,H2B,K6,P35579,K435
O60814,H2B,K109,Q96ST2,K794
O60814,H2B,K6,P35579,K435
P62805,H4,K9,P12236,K43
P62805,H4,K78,P62424,K3
P68431,H3,K57,P20929,K356
P10412,H1,K106,Q6Q759,K1178
Q71DI3,H3,K123,Q9GZR2,K3
P62805,H4,K13,Q8WUA2,K327
Q93079,H2B,K121,O95394,KN-Term|K400
P68431,H3,K123,P20929,K356
Q93079,H2B,K109,Q9Y237,K6
Q16695,H3,K57,O43765,K4
P06899,H2B,K121,P05204,K18
O60814,H2B,K121,P05204,K18
P58876,H2B,K6,P36578,K400
P68431,H3,K123,P37108,K42
Q99880,H2B,K35,Q8WZ42,K33683
P16403,H1,K110,Q02750,K3
P62807,H2B,K6,Q9NR22,K135
O60814,H2B,K6,Q9NR22,K135
P0C0S8,H2A,K126,Q9H7N4,K905
P06899,H2B,K121,P12236,K43
O60814,H2B,K121,P12236,K43
P10412,H1,K117,P82930,K4
P10412,H1,K34,P23497,K839
Q71DI3,H3,K80,Q9UQ35,K186
P10412,H1,K34,P49207,K105
Q93079,H2B,K21,P12236,K43
O60814,H2B,K21,P12236,K43
P62807,H2B,K6,Q9Y265,K2
Q96A08,H2B,K110,O43390,K126
Q96A08,H2B,K110,O60506,K123
Q93079,H2B,K21,O15417,K2719
Q93079,H2B,K109,O00193,K49
O60814,H2B,K21,O15417,K2719
O60814,H2B,K109,O00193,K49
P62805,H4,K9,P11055,K804
P16403,H1,K34,P17096,K88
P62805,H4,K6,P62987,K63
P62805,H4,K6,P62979,K63
P62807,H2B,K6;K12;K13,Q96LB3,K577
O60814,H2B,K6;K12;K13,Q96LB3,K577
P68431,H3,K123,P20929,K1096
P62807,H2B,K6;K12,Q1ED39,K244
P62807,H2B,K109,Q12816,K68;K70;K72
O60814,H2B,K109,Q12816,K68;K70;K72
P16403,H1,K181,P62750,K7
P16403,H1,K207,P05204,K51
P0C0S5,H2A,K126,P62910,K9;K11;K14
P68431,H3,K5,Q03164,K277
P10412,H1,K117,P05114,K55
P68431,H3,K24,Q5VWG9,K310
P0C0S8,H2A,K6,P62847,K83
P62805,H4,K9;K13;K17,Q9BRX2,K2
P68431,H3,K5,P35580,K1619
P16401,H1,K217,P62826,K127
Q02539,H1,K26;K29;K35,P62081,K160
P62807,H2B,K6;K12;K13,Q14980,K2071
O60814,H2B,K6;K12;K13,Q14980,K2071
Q99880,H2B,K17;K21,O43615,K157
P58876,H2B,K17;K21,O43615,K157
P10412,H1,K168,Q02880,K1219
P62807,H2B,K12;K13;K16,P83731,K113
Q16695,H3,K5,P12236,K43
Q93079,H2B,K6,P35579,K1104
P16403,H1,K117,P17096,K67
P10412,H1,K46,P63279,K153
Q71DI3,H3,K57,Q13148,K82
P16403,H1,K52,Q7KZF4,K160
P62807,H2B,K21,P25490,K182
P62807,H2B,K21,Q92922,K345
Q93079,H2B,K6,P82930,K4
P68431,H3,K28,P24928,K285
Q99880,H2B,K21,O15417,K2719
P58876,H2B,K21,O15417,K2719
P68431,H3,K123,P20929,K356
P62807,H2B,K109,O75914,K44|K45
O60814,H2B,K109,O75914,K44|K45
Q99880,H2B,K86,O15514,MN-Term
P58876,H2B,K86,O15514,MN-Term
P0C0S8,H2A,K126,O43765,K4
Q71DI3,H3,K28,Q9H0A0,K4
Q93079,H2B,K17;K21;K24,O15417,K2719
O60814,H2B,K17;K21;K24,O15417,K2719
P06899,H2B,K121,Q53EL6,K115
O60814,H2B,K121,Q53EL6,K115
P62807,H2B,K21,Q9Y5G9,K955
P62807,H2B,K21,Q92922,K342
P62807,H2B,K6,P05455,K280
O60814,H2B,K6,P05455,K280
P16104,H2A,K128,P20929,K713
Q71DI3,H3,K15,Q03164,K277
P68431,H3,K80,P02545,K319
P68431,H3,K15,P22626,K13|K14
P10412,H1,K127,Q96AG4,K219
P68431,H3,K123,P47914,K3
P62807,H2B,K86,Q8TF72,K657
P16403,H1,K129,Q02878,K38
P16403,H1,K130,Q02878,K38
O60814,H2B,K86,Q8TF72,K657
P0C0S8,H2A,K126,Q5VWG9,K548
P68431,H3,K19,P24928,K285
Q96A08,H2B,K110,Q53EL6,K115
O60814,H2B,K109,Q53EL6,K115
P68431,H3,K24,P63165,K45
P62805,H4,K13,Q00839,K181
P10412,H1,K52,P82930,K4
P68431,H3,K19,P48556,K4
P10412,H1,K117,Q03164,K277
P23527,H2B,K35,Q9UKK3,K1652
P10412,H1,K168,Q5JSH3,K740
P62807,H2B,K17,Q9UQE7,K278;K280
P16104,H2A,K37,P14649,K160
Q92522,H1,K187;K188;K195,P22626,K173
O60814,H2B,K17,Q9UQE7,K278;K280
P68431,H3,K19;K24,Q9NTK5,K177
Q93079,H2B,K109,P20929,K356
P68431,H3,K5,O00268,K1016
O60814,H2B,K109,P20929,K356
P16403,H1,K187,Q02750,K3
P62807,H2B,K6,P42285,K43
O60814,H2B,K6,P42285,K43
Q5QNW6,H2B,K21,Q16659,K492
P62807,H2B,K13;K16;K17,Q9Y2S6,K17
P68431,H3,K123,Q32P51,K3
P68431,H3,K24,P49591,K25
P62807,H2B,K6,Q03164,K277
Q99880,H2B,K109,P05114,K55;K59
O60814,H2B,K6,Q03164,K277
P58876,H2B,K109,P05114,K55;K59
P16403,H1,K21,P06748,K229
Q6FI13,H2A,K37,O15417,K1767
P0C0S8,H2A,K75,P62987,K6
P62807,H2B,K21,Q1ED39,K241
O60814,H2B,K21,Q1ED39,K241
P62807,H2B,K109,P62979,MN-Term
P62807,H2B,K109,Q5JSZ5,K10|K12
O60814,H2B,K109,Q5JSZ5,K10|K12
P16403,H1,K52,Q8N567,K124
Q99880,H2B,K13;K16;K17,Q9BXJ9,K625
P58876,H2B,K13;K16;K17,Q9BXJ9,K625
P62805,H4,K78,P62081,K113
P0C0S8,H2A,K126,Q02750,K3
P68431,H3,K5,P30519,K106
Q71DI3,H3,K80,Q96Q06,K808
P16403,H1,K52,Q5VZK9,K994
P0C0S8,H2A,K126,Q53GA4,K2
P16104,H2A,K37,P50914,K94
P16403,H1,K199,P62979,K48
P10412,H1,K168,Q14974,K873
P10412,H1,K168,Q9UHB6,K643
P10412,H1,K213,Q9Y3U8,K62
P10412,H1,K52,Q8WTT2,K7
P0C0S8,H2A,K120,Q9Y3U8,K103
P62807,H2B,K12,P23396,K7
P62807,H2B,K6,Q86VM9,K756
Q9BTM1,H2A,K10,Q9BVC6,K235
P62807,H2B,K35,O94826,K563
P58876,H2B,K35,O94826,K563
Q5QNW6,H2B,K21,Q12816,K301
Q99880,H2B,K109,P62987,K33
Q99880,H2B,K109,P62979,K33
P0C0S8,H2A,K6,P62987,K63
Q93079,H2B,K86,Q14696,K222
P0C0S8,H2A,K6,P62979,K63
O60814,H2B,K86,Q14696,K222
P62807,H2B,K109,P12236,K43
O60814,H2B,K109,P12236,K43
P10412,H1,K140,Q7LGA3,K283
P68431,H3,K24,Q9Y383,K245
Q93079,H2B,K13;K16;K17,P20929,K5166
P0C0S8,H2A,K37,P20929,K3009
Q6FI13,H2A,K37,P62070,K159
P62807,H2B,K6,Q16181,K328
O60814,H2B,K6,Q16181,K328
P62807,H2B,K12,Q96I99,K424;K431
O60814,H2B,K12,Q96I99,K424;K431
P62807,H2B,K6,Q14978,K601
O60814,H2B,K6,Q14978,K601
P68431,H3,K123,Q8WZ42,K10492
Q99880,H2B,K21,O15042,K1005|K1008
Q99877,H2B,K6,P83731,K116
Q99880,H2B,K21,Q92922,K342|K345
Q71DI3,H3,K5,P35580,K1619
Q93079,H2B,K86,Q14566,K332
O60814,H2B,K86,Q14566,K332
P62807,H2B,K6,Q8WZ42,K33683
P62805,H4,K13,P12236,K43
Q99880,H2B,K35,Q96T17,K333;K336;K338
P58876,H2B,K35,Q96T17,K333;K336;K338
P0C0S8,H2A,K126,P12236,K43
P62807,H2B,K121,P61011,K438
P20671,H2A,K37,Q58FG0,K108
Q93079,H2B,K35,O94826,K563
O60814,H2B,K35,O94826,K563
P10412,H1,K160,P61081,K26
Q5QNW6,H2B,K21,O75717,K1081
P62807,H2B,K21,Q14966,K98
O60814,H2B,K21,Q14966,K98
P68431,H3,K5,Q9Y2K3,K1740|K1741
Q93079,H2B,K16;K17,O43615,K157
O60814,H2B,K16;K17,O43615,K157
P68431,H3,K19,Q9H5I5,K2709
P68431,H3,K28,Q9NQ29,K224
P62807,H2B,K6,P46821,K2251
O60814,H2B,K6,P46821,K2251
P10412,H1,K140,P61081,K21
P68431,H3,K19,O15417,K437
Q99880,H2B,K86,Q9Y2W2,K319
P58876,H2B,K86,Q9Y2W2,K319
P62807,H2B,K21,Q1ED39,K244
Q71DI3,H3,K19,Q13442,K3
P62807,H2B,K6,O75475,K254
P68431,H3,K123,P20929,K1096
P68431,H3,K15,Q9Y3B7,K3
P62807,H2B,K12;K13;K16,Q76FK4,K103
O60814,H2B,K12;K13;K16,Q76FK4,K103
P0C0S8,H2A,K37,O15417,K1767
P84243,H3,K28,Q03164,K277
Q93079,H2B,K6,Q96I99,K424;K431
P06899,H2B,K35,O94826,K563
Q93079,H2B,K6,Q14683,K1053
P10412,H1,K46,Q13428,K6
P62807,H2B,K109,Q9H7N4,K909
P16403,H1,K27,P06748,K193
O60814,H2B,K109,Q9H7N4,K909
Q93079,H2B,K121,O00268,K1016
P58876,H2B,K121,O00268,K1016
P62807,H2B,K28,P62280,K144
P68431,H3,K19,Q8WZ42,K11535
P68431,H3,K19,Q53GA4,K2
Q16695,H3,K123,Q6ZMZ3,K765
O75367,H2A,K121,P22626,K120
O75367,H2A,K121,P09651,K113
P58876,H2B,K6,P10586,K72
P68431,H3,K123,Q8NF91,K3431
Q02539,H1,K88,Q8WZ42,K19841
P10412,H1,K213,Q9Y3U8,K35
Q71UI9,H2A,K5,Q9Y266,K68
P0C0S8,H2A,K37,Q08945,K592
P68431,H3,K80,Q9Y237,K4
P68431,H3,K123,Q1KMD3,K479
P68431,H3,K5,P22626,K13|K14
P0C0S5,H2A,K126,Q9BZM5,K79;K80
P62807,H2B,K6,Q9BR39,K647;K651
O60814,H2B,K6,Q9BR39,K647;K651
P16403,H1,K122,P20929,K5045
P16403,H1,K140,Q9NPD8,K8
Q71DI3,H3,K80,Q9P2E9,K548
P16403,H1,K21,P06748,K141
P68431,H3,K24,Q03164,K277
Q6FI13,H2A,K37,Q08945,K592
Q99880,H2B,K117,P27816,K784
P58876,H2B,K6,Q92922,K342
P58876,H2B,K117,P27816,K784
P68431,H3,K10,Q03164,K277
P0C0S5,H2A,K126,Q9H3P2,K207
P0C0S8,H2A,K37,Q76FK4,K103
P62807,H2B,K6,Q96N64,K438
P62807,H2B,K17,P07197,K102
O60814,H2B,K6,Q96N64,K438
Q71UI9,H2A,K116,P52815,K183
P16403,H1,K21,P06748,K223
P62807,H2B,K6,O75475,KN-Term|K152
Q6FI13,H2A,K6,P62987,K63
Q6FI13,H2A,K6,P62979,K63
Q02539,H1,K35,Q00839,K28
P62807,H2B,K6,Q12816,K301
O60814,H2B,K6,Q12816,K301
P10412,H1,K117,P17096,K67
P10412,H1,K127,A2RU54,K149|K150
Q96A08,H2B,K122,P05204,K11
Q96A08,H2B,K122,P62701,K6
Q93079,H2B,K12,Q6Q759,K165
P0C0S8,H2A,K37,P23396,K7
O60814,H2B,K12,Q6Q759,K165
P07305,H1,K73,P62841,K65
P16403,H1,K178,O75400,K920
P62807,H2B,K6;K12;K13,Q8N1T3,K682
O60814,H2B,K6;K12;K13,Q8N1T3,K682
P16403,H1,K181,P60866,K30
Q99880,H2B,K17;K21,O15417,K2719
P68431,H3,K5,Q9UQE7,K963
P58876,H2B,K17;K21,O15417,K2719
P58876,H2B,K121,P05204,K18
P06899,H2B,K121,P05114,K18
O60814,H2B,K121,P05114,K18
P68431,H3,K5,Q6ZQQ6,K1682
P16403,H1,K27,P35268,K5
P62807,H2B,K121,P05204,K14
P0C0S8,H2A,K37,Q9UNF1,K207
Q99880,H2B,K21,P13667,K366
P58876,H2B,K21,P13667,K366
P68431,H3,K123,A6NDY0,K218
P0C0S5,H2A,K126,Q13395,K282
P10412,H1,K46,Q8WTT2,K2
Q71UI9,H2A,K116,P83731,K156
P10412,H1,K186,Q02750,K3
P16402,H1,K212,P40926,K335
P16401,H1,K192,P26373,K123
Q93079,H2B,K109,P12236,K43
P10412,H1,K168,Q9BQK8,K367
P62807,H2B,K6,A6NHR9,K1958
P68431,H3,K24,Q53GA4,K2
O60814,H2B,K6,A6NHR9,K1958
P62805,H4,K6,P19338,K429
Q99880,H2B,K28,P62280,K144
P0C0S5,H2A,K5,P62910,K9;K11;K14
Q92522,H1,K160,P00558,K131
Q71DI3,H3,K5,A4UGR9,K1971
Q93079,H2B,K6,Q53EL6,K115
Q93079,H2B,K121,P62424,K3
P68431,H3,K19,Q9H361,K95
Q71UI9,H2A,K116,P22415,K2
P62805,H4,K9,Q8WZ42,K2035
P62807,H2B,K6,Q92576,K957
O60814,H2B,K6,Q92576,K957
P62807,H2B,K6,P46734,K18
P68431,H3,K5,P17096,K7
P68431,H3,K80,P62316,K88
P68431,H3,K19,P35580,K1619
P16403,H1,K21,P06748,K223
P62807,H2B,K6;K12,O95819,K312
Q93079,H2B,K21;K24,O43615,K157
O60814,H2B,K21;K24,O43615,K157
P68431,H3,K28,Q14683,K190
P68431,H3,K19,Q03164,K277
P0C0S8,H2A,K37,Q99598,K4
P62807,H2B,K6;K12,Q86UE4,K158;K163
P68431,H3,K57,P0CI25,K218
O60814,H2B,K6;K12,Q86UE4,K158;K163
P68431,H3,K5,P61604,K56
P23527,H2B,K35,O43615,K157
P68431,H3,K24,Q9UKX7,K3
Q71DI3,H3,K80,P61978,K63
Q71DI3,H3,K19,P22694,K79
P62807,H2B,K13;K16;K17,P30101,K288
Q16695,H3,K28,Q99575,K915
O60814,H2B,K13;K16;K17,P30101,K288
P58876,H2B,K6,Q1ED39,K241
P68431,H3,K80,Q15126,K83
Q71DI3,H3,K19,P35580,K1619
P68431,H3,K5,A4UGR9,K1971
Q93079,H2B,K6,Q15046,K24
P68431,H3,K5,Q53GA4,K2
P62805,H4,K78,Q8WZ42,K10332|K10333
Q6FI13,H2A,K6,P05204,K18
Q71DI3,H3,K19,O43795,K3
Q99880,H2B,K109,P11216,K10
P58876,H2B,K109,P11216,K10
Q93079,H2B,K21,P46087,K631
O60814,H2B,K21,P46087,K631
Q71DI3,H3,K19,Q13243,K36
P16401,H1,K149,P63279,K146
Q5QNW6,H2B,K21,O15042,K1008
Q93079,H2B,K47,O15417,K2719
Q5QNW6,H2B,K21,Q92922,K345
O60814,H2B,K47,O15417,K2719
P68431,H3,K5,Q8IVL1,K9
P68431,H3,K19,P46087,K627
P68431,H3,K19,P05204,K18
P62807,H2B,K6,Q8IZH2,K1071
O60814,H2B,K6,Q8IZH2,K1071
Q93079,H2B,K21,Q8WZ42,K33683
P62805,H4,K13,Q96PU8,K176
P0C0S8,H2A,K120,Q9H0A0,K4
P62807,H2B,K21,Q8WZ42,K8370
P62807,H2B,K21,Q92922,K345
P62805,H4,K80,Q13428,K6
Q93079,H2B,K121,O60264,K121
Q99880,H2B,K109;K117,P63272,K8
P58876,H2B,K109;K117,P63272,K8
P68431,H3,K5,Q9Y237,K4
P68431,H3,K28,P30519,K106
Q93079,H2B,K6,P52926,K66
P06899,H2B,K121,P05204,K18
O60814,H2B,K121,P05204,K18
P62805,H4,K9,O15417,K2719
P23527,H2B,K35,Q8WZ42,K33683
P0C0S8,H2A,K120,Q8WUA2,K327
P62807,H2B,K6,P51531,K1551
O60814,H2B,K121,P62979,K78
P68431,H3,K19,P63165,K45
Q99880,H2B,K12,P05455,K280
Q99880,H2B,K121,P05204,K18
P58876,H2B,K12,P05455,K280
P20671,H2A,K37,P61081,K21|K25
P10412,H1,K160,Q8N427,K4
P16403,H1,K159,Q8N427,K4
P0C0S8,H2A,K6,P12236,K43
P16401,H1,K35,Q01105,K83
P16403,H1,K187,Q92954,K1036
P62805,H4,K13,P12236,K43
P62805,H4,K6,P19338,K429
P16403,H1,K140,Q02750,K3
Q16695,H3,K28,Q9Y3U8,K19
P68431,H3,K15,Q9Y2K3,K1740|K1741
P68431,H3,K5,P63165,K45
P68431,H3,K80,Q9UM54,K811
P62807,H2B,K6,P11234,K5
O60814,H2B,K6,P11234,K5
P68431,H3,K80,P35716,K88
Q99880,H2B,K121,P46013,K145
P58876,H2B,K121,P46013,K145
P16403,H1,K17;K21;K22,Q7KZF4,K160
P10412,H1,K217,P62826,K127
P68431,H3,K19,Q8IVL1,K9
P68431,H3,K19,Q8WX93,K153
P16403,H1,K159,P22694,K79
Q16695,H3,K19,Q14974,K854
P62807,H2B,K86,Q9NWH9,K78;K83;K85
O60814,H2B,K86,Q9NWH9,K78;K83;K85
Q99880,H2B,K17,P24928,K285
P58876,H2B,K17,P24928,K285
P16402,H1,K169,O15417,K2385
P62807,H2B,K12,P05455,K280
P62807,H2B,K17,O15417,K2719
O60814,H2B,K12,P05455,K280
O60814,H2B,K17,O15417,K2719
P58876,H2B,K6,Q9NR22,K135
P62807,H2B,K25,P05455,K280
O60814,H2B,K25,P05455,K280
P10412,H1,K127,P46781,K180
P68431,H3,K28,Q03164,K277
P0C0S8,H2A,K120,P20929,K1096
P62807,H2B,K121,Q1ED39,K244
P58876,H2B,K121,Q1ED39,K244
P0C0S8,H2A,K120,O43765,K4
P10412,H1,K192,Q96N66,K30
P62807,H2B,K12,P05455,K280
O60814,H2B,K12,P05455,K280
P16403,H1,K63,Q99757,K163
Q6FI13,H2A,K120,O43765,K4
Q71DI3,H3,K5,Q9Y2W1,K3
Q96A08,H2B,K29,P12956,K262
Q96A08,H2B,K29,P51531,K1540
P68431,H3,K19,Q9Y2W1,K3
P10412,H1,K129,Q02878,K38
Q71UI9,H2A,K126,Q13395,K282
P68431,H3,K19,P04818,K287
P68431,H3,K19,Q9NT99,K193
P16403,H1,K21,Q9Y4B4,K969
Q96A08,H2B,K122,P08238,K646
P62805,H4,K9,Q03164,K277
Q99880,H2B,K86,Q9UQ35,K731
P58876,H2B,K86,Q9UQ35,K731
P62805,H4,K13,P25490,K174
P68431,H3,K5,Q5THK1,K2116
P62805,H4,K78,Q9Y5A9,K572
P62807,H2B,K86,Q8WZ42,K33683
P62805,H4,K9,P24928,K285
Q93079,H2B,K6,P36578,K400
Q6FI13,H2A,K6,O15417,K2719
P62805,H4,K6;K9,O00268,K1016
P62807,H2B,K13,P83731,K116
P62807,H2B,K12;K13;K16,Q93073,K482
O60814,H2B,K12;K13;K16,Q93073,K482
Q71DI3,H3,K5,P30519,K106
P62807,H2B,K12;K13;K16,Q9H7N4,K909
O60814,H2B,K12;K13;K16,Q9H7N4,K909
P58876,H2B,K6,Q7Z6Z7,K1035
Q93079,H2B,K21,O95625,K522;K526
P58876,H2B,K6,O15042,K1005
O60814,H2B,K21,O95625,K522;K526
P58876,H2B,K6,Q16659,K492
P68431,H3,K15,P08397,K348
P68431,H3,K24,P12236,K43
P62807,H2B,K21,P12236,K43
P68431,H3,K5,Q92614,K123
Q93079,H2B,K12,P05455,K280
P62807,H2B,K6,Q8WZ42,K8370
O60814,H2B,K6,Q8WZ42,K8370
Q93079,H2B,K109,Q9UKK3,K1126
O60814,H2B,K109,Q9UKK3,K1126
P62805,H4,K78,P25490,K174
Q02539,H1,K84,Q15637,K187
P16403,H1,K81,Q15637,K187
P10412,H1,K177,O75400,K920
Q93077,H2A,K96,O96028,K1347|K1349
P10412,H1,K26,P46063,K637
P0C0S8,H2A,K126,P62316,K88
P0C0S8,H2A,K126,Q9Y3U8,K103
P62807,H2B,K12;K13;K16,P23396,K7
P10412,H1,K140,A2RU54,K150
P68431,H3,K80,P61978,K63
P0C0S8,H2A,K37,Q16513,K237
P68431,H3,K19,P42766,K12
P16402,H1,K111,P17301,K323
P68431,H3,K10,P30519,K106
P16403,H1,K127,Q13459,K1390
P16401,H1,K217,P62826,K127
Q71UI9,H2A,K122,Q13395,K282
P16403,H1,K27,Q03164,K277
P68431,H3,K123,P26373,K136
Q71DI3,H3,K24,P30101,K289
P62807,H2B,K21,Q00987,K344
P62807,H2B,K121,Q9Y4Z0,K138
O60814,H2B,K21,Q00987,K344
P0C0S8,H2A,K37,Q9H9J2,K104
P68431,H3,K80,O60271,K665
P16403,H1,K52,Q53GA4,K2
P16401,H1,K149,P52926,K74
Q5QNW6,H2B,K21,O60673,K2234
Q99880,H2B,K21,Q8WZ42,K10333
P58876,H2B,K21,Q8WZ42,K10333
P68431,H3,K28,O15042,K1005
P0C0S8,H2A,K120,Q8WZ42,K19841
P62807,H2B,K121,P08238,K646
P62805,H4,K45,Q03164,K277
P68431,H3,K80,P35998,K402
P62807,H2B,K17,Q15652,K1040
Q71UI9,H2A,K116,Q96QH2,K619
P10412,H1,K63,Q99757,K163
Q99880,H2B,K121,Q15651,K20
P62807,H2B,K47,O95394,K400
Q92522,H1,K179,P19338,K281
P62807,H2B,K17,Q9H307,K679
O60814,H2B,K17,Q9H307,K679
Q99877,H2B,K6,P22626,K94
Q99880,H2B,K25,P05455,K280
P58876,H2B,K25,P05455,K280
P62807,H2B,K21;K24;K25,Q7Z6Z7,K1035
P62807,H2B,K21;K24;K25,Q32MZ4,K800
P62807,H2B,K17;K21,Q2LD37,K5000
O60814,H2B,K17;K21,Q2LD37,K5000
P10412,H1,K130,Q03164,K277
P62807,H2B,K121,Q32P51,K3
P0C0S8,H2A,K6,O15417,K2719
Q6FI13,H2A,K120,P62424,K3
P62807,H2B,K17,P19338,K701
O60814,H2B,K17,P19338,K701
P0C0S8,H2A,K120,Q02750,K3
Q92522,H1,K180;K182;K185,P04843,K504
Q99880,H2B,K17,Q14978,K162
P58876,H2B,K17,Q14978,K162
P0C0S8,H2A,K6,O00268,K1016
P10412,H1,K26,Q8WTT2,K2
P62807,H2B,K12,Q9BR39,K647
O60814,H2B,K12,Q9BR39,K647
Q96A08,H2B,K59,P23921,K465
Q99880,H2B,K17,Q03164,K277
Q99880,H2B,K17,O15417,K2719
P58876,H2B,K17,Q03164,K277
P58876,H2B,K17,O15417,K2719
P10412,H1,K217,Q02750,K3
P68431,H3,K24,P22626,K13
Q71DI3,H3,K19,P22626,K13
Q71DI3,H3,K80,Q9UM54,K811
Q71DI3,H3,K19,P12236,K43
P0C0S8,H2A,K120,P20929,K356
Q99880,H2B,K21,O43615,K157
P58876,H2B,K21,O43615,K157
P62807,H2B,K21,P11234,K5
O60814,H2B,K21,P11234,K5
Q93079,H2B,K17,O43615,K157
O60814,H2B,K17,O43615,K157
P68431,H3,K28,Q9Y2K3,K1740
Q93079,H2B,K17,P24928,K285
O60814,H2B,K17,P24928,K285
Q99880,H2B,K47,P19338,K135
P58876,H2B,K47,P19338,K135
O75367,H2A,K121,P22626,K120
O75367,H2A,K121,P09651,K113
P62807,H2B,K21,O75914,K260
O60814,H2B,K21,O75914,K260
P16402,H1,K33,P11021,K287
P62805,H4,K6;K9,Q03164,K277
Q8N257,H2B,K6,Q93073,K560
P62807,H2B,K13;K16;K17,Q8WZ42,K12173
P62807,H2B,K17,P12236,K43
O60814,H2B,K17,P12236,K43
P0C0S8,H2A,K6,P12236,K43
P62805,H4,K45,Q8WZ42,K10492
P68431,H3,K24,O00268,K1016
P16403,H1,K21,P35268,K10
Q99880,H2B,K6,P40429,K187
Q99877,H2B,K6,P40429,K187
P62807,H2B,K47,Q5SSJ5,K546
O60814,H2B,K47,Q5SSJ5,K546
P62805,H4,K6,P12236,K43
P68431,H3,K28,P40926,K301
Q99880,H2B,K121,O00193,K167
P58876,H2B,K121,O00193,K167
P0C0S8,H2A,K120,Q03164,K277
P62807,H2B,K58,Q8WZ42,K33683
O60814,H2B,K58,Q8WZ42,K33683
P10412,H1,K140,Q8IV08,K2
Q93079,H2B,K25,P05455,K280
P0C0S8,H2A,K37,P61077,K4
Q99880,H2B,K16;K17,O15417,K2719
P68431,H3,K123,Q9Y2W2,K372
P58876,H2B,K16;K17,O15417,K2719
Q71DI3,H3,K123,Q9Y2W2,K372
P62807,H2B,K13;K16;K17,Q9NR22,K135
O60814,H2B,K13;K16;K17,Q9NR22,K135
Q99880,H2B,K17,O43615,K157
P58876,H2B,K17,O43615,K157
P16403,H1,K130,Q02750,K3
P62807,H2B,K12;K13;K16,P20929,K5166
P58876,H2B,K6,Q8WZ42,K8370
P16403,H1,K17,Q53GA4,K2
P0C0S8,H2A,K6,P05204,K18
P62805,H4,K17,P12236,K43
Q6FI13,H2A,K120,P20929,K356
P0C0S8,H2A,K6,O43615,K157
Q93079,H2B,K47,O95394,K400
P68431,H3,K28,P62826,K134
P22492,H1,K110;K113,Q9Y6X0,K335;K336
P0C0S8,H2A,K120,Q32P51,K3
P62805,H4,K6,P62424,K3
P10412,H1,K195,P06748,K27
P58876,H2B,K6,Q9H7N4,K909
P16403,H1,K153;K156;K157,A2RU54,K149|K150
P0C0S8,H2A,K6,P61326,K48
P10412,H1,K195,P06748,K223
P62805,H4,K78,Q92614,K25
Q93079,H2B,K109,Q12816,K345
O60814,H2B,K109,Q12816,K345
Q99880,H2B,K17,Q16666,K371;K372
P58876,H2B,K17,Q16666,K371;K372
Q93079,H2B,K86,P16949,K75
P10412,H1,K26,Q9BRT2,MN-Term
O60814,H2B,K86,P16949,K75
Q99880,H2B,K17,Q92833,MN-Term;K3;K7
Q99880,H2B,K12,O15417,K2719
P58876,H2B,K17,Q92833,MN-Term;K3;K7
P58876,H2B,K12,O15417,K2719
P16402,H1,K194,Q9Y3U8,K99
P16402,H1,K197,Q9Y3U8,K99
P58876,H2B,K6,O60678,K279
P16403,H1,K206,Q02878,K36
P10412,H1,K213,Q9Y3U8,K38
P16104,H2A,K6,O15417,K2719
P62805,H4,K13,O00268,K1016
P62807,H2B,K12,Q9UBE0,K208
O60814,H2B,K12,Q9UBE0,K208
Q93079,H2B,K109,P20929,K5166
P62805,H4,K78,P35749,K1337
O60814,H2B,K109,P20929,K5166
Q93079,H2B,K6,Q9H7N4,K909
P62807,H2B,K86,P33991,K719
P68431,H3,K5,Q8IVL0,K1924
O60814,H2B,K86,P33991,K719
P68431,H3,K38,Q03164,K277
P0C0S8,H2A,K6,P0DMV8,K345
P16402,H1,K23;K25;K26,P22626,K17
Q92522,H1,K146,P48426,K15
Q99880,H2B,K109,P25490,K174
P58876,H2B,K109,P25490,K174
P68431,H3,K5,Q9Y2K3,K1740|K1741
Q71DI3,H3,K80,Q9H7Z7,K225
P68431,H3,K5,P63104,K9
P58876,H2B,K6,O00268,K987
P58876,H2B,K6,Q2LD37,K5000
Q93079,H2B,K12,O15417,K2719
O60814,H2B,K12,O15417,K2719
P10412,H1,K26,Q13428,K1044
P68431,H3,K15,Q9NQ29,K224
P68431,H3,K5,Q8WZ42,K10492
P10412,H1,K26,P09429,MN-Term;K3;K7|K8|K8
P68431,H3,K15,Q8WW32,K8
P16402,H1,K110,P17301,K323
P16402,H1,K111,P17301,K323
P10412,H1,K26,Q5SSJ5,K507
P10412,H1,K127,P50914,K172
P58876,H2B,K12,Q68CQ1,K1038
Q16695,H3,K28,Q9H0A0,K5
P16403,H1,K122;K127,Q13428,K1475&K1476|K1475&K1477|K1475&K1476|K1476&K1477|K1475&K1477|K1476&K1477
P62807,H2B,K21,Q14978,K162
O60814,H2B,K21,Q14978,K162
P62807,H2B,K17,Q6PKG0,K244
P16402,H1,K111,P27348,K85
O60814,H2B,K17,Q6PKG0,K244
P68431,H3,K5,P10636,K381
Q93079,H2B,K109,Q13442,K119
Q93079,H2B,K109,O60271,K486
P62807,H2B,K6,P61254,K122
Q16695,H3,K15,Q9Y3U8,K19
P10412,H1,K182,Q9H7B2,K9
P58876,H2B,K6,Q9H7N4,K909
Q99879,H2B,K17,P13797,K447
P57053,H2B,K24,P63104,K85
Q93079,H2B,K109;K117,P17612,K8
O60814,H2B,K109;K117,P17612,K8
P62807,H2B,K12;K13;K16,Q9NR22,K135
O60814,H2B,K12;K13;K16,Q9NR22,K135
P84243,H3,K28,Q15397,K4
P10412,H1,K130,P46783,K5
Q93079,H2B,K86,P35580,K646|K647
P68431,H3,K15,P30519,K106
P68431,H3,K5,P30101,K289
Q71DI3,H3,K10;K15,P23497,K846
P62805,H4,K13,P13667,K533
P10412,H1,K119,Q9Y2W2,K372
P62807,H2B,K17,Q14978,K162
O60814,H2B,K17,Q14978,K162
P57053,H2B,K29,Q13395,K282
Q9P0M6,H2A,K239,Q14683,K413|K414
P16403,H1,K181,P83731,K139
P62805,H4,K6,O15417,K2719
P68431,H3,K80,Q9H7Z7,K225
P10412,H1,K217,P55145,K70
P0C0S8,H2A,K37,Q8WZ42,K17982
P68431,H3,K24,P63104,K9
O60814,H2B,K12;K13;K16,P20929,K5166
P68431,H3,K24,P62316,K88
Q93077,H2A,K96,P35749,K1655
Q16695,H3,K5,P35712,K340
Q93079,H2B,K17,P49750,K1652
O60814,H2B,K17,P49750,K1652
P62807,H2B,K25,Q5JTH9,K1239|K1243
O60814,H2B,K25,Q5JTH9,K1239|K1243
Q71UI9,H2A,K12,O15355,K80;K83;K86
P62805,H4,K6,P07910,K8
Q99879,H2B,K17,P13797,K91
P62807,H2B,K121,Q15651,K20
Q71UI9,H2A,M1;K5;K8,Q01105,K177;K181
P68431,H3,K5,P05204,K18
P58876,H2B,K6,P46940,K1555
P0C0S8,H2A,K6,Q00987,K344
P62805,H4,K13,Q03164,K277
Q99880,H2B,K12,P35580,K1795
P58876,H2B,K12,P35580,K1795
O75367,H2A,K121,P35749,K1869
P62807,H2B,K109,Q4G0F5,K295
O60814,H2B,K109,Q4G0F5,K295
P62805,H4,K13,O15417,K2719
Q93079,H2B,K17,Q9H307,K679
P16403,H1,K181,P17096,K82
P62807,H2B,K21,Q9Y570,K38
O60814,H2B,K21,Q9Y570,K38
P58876,H2B,K12,P05455,K280
P62805,H4,K6;K9,P05114,K55;K59
P0C0S8,H2A,K6,P52292,K20
P0C0S8,H2A,K14,P47914,K130
P62805,H4,K17,O15347,K86;K87;K88
P68431,H3,K24,O43242,K2
P16401,H1,K182,P50914,K171
P62807,H2B,K58,P23921,K465
O60814,H2B,K58,P23921,K465
Q99877,H2B,K6,Q96LB3,K577
Q6FI13,H2A,K120,Q9Y5B9,K132
Q6FI13,H2A,K120,P62266,K79
P68431,H3,K24,O75116,K900
P62807,H2B,K21;K24,Q7Z6Z7,K1035
O60814,H2B,K21;K24,Q7Z6Z7,K1035
P62805,H4,K6,O00268,K1016
P0C0S8,H2A,K6,Q9Y5S9,K156
P68431,H3,K123,P37108,K42
P62807,H2B,K12,P27816,K955
O60814,H2B,K12,P27816,K955
P62807,H2B,K17,P20929,K5166
O60814,H2B,K17,P20929,K5166
P0C0S5,H2A,K122,P62910,K9;K11;K14
P0C0S5,H2A,K126,P62910,K9;K11;K14
P16402,H1,K23;K25;K26,Q9H3U1,K26
P62807,H2B,K25,O43615,K157
O60814,H2B,K25,O43615,K157
Q99880,H2B,K24,Q8WZ42,K33683
P58876,H2B,K24,Q8WZ42,K33683
P68431,H3,K24,P35580,K1619
P62807,H2B,K86,P35580,K1655
O60814,H2B,K86,P35580,K1655
Q99880,H2B,K86,O15514,MN-Term
P58876,H2B,K86,O15514,MN-Term
P62807,H2B,K12,Q58FG1,K279;K280
P16403,H1,K27,P35268,K5
P58876,H2B,K25,O15417,K2719
P06899,H2B,K109;K117;K121,P82970,K115
O60814,H2B,K109;K117;K121,P82970,K115
P68431,H3,K5,Q03164,K169
P50454,H1,K410,Q13277,K2
P16402,H1,K173,Q96ME7,K29
P07305,H1,K184;K188,Q14683,K268;K272
Q93079,H2B,K109,P05114,K35
O60814,H2B,K109,P05114,K35
P62807,H2B,K109,P07814,K839
O60814,H2B,K109,P07814,K839
P62805,H4,K78,Q9Y673,K143
Q93079,H2B,K109,Q5VT06,K1741
O60814,H2B,K109,Q5VT06,K1741
P10412,H1,K75,P04406,K117
Q02539,H1,K35,P06733,K105
P68431,H3,K80,Q9Y673,K143
Q96A08,H2B,K110,Q9Y673,K143
O60814,H2B,K109,Q9Y673,K143
Q93079,H2B,K109,Q9Y673,K143
P68431,H3,K123,Q9P225,K2467
P62807,H2B,K109,Q5CZC0,K10
P16403,H1,K46,P07814,K839|K841
P16403,H1,K17,Q8N0T1,K3
P16403,H1,K21,Q8N0T1,K3
P16403,H1,K17,Q9UG63,K9
Q93079,H2B,K109,P47813,MN-Term
O60814,H2B,K109,P47813,MN-Term
Q93079,H2B,K109,P07814,K771
O60814,H2B,K109,P07814,K771
P16403,H1,K46,Q9NV06,K2
P62805,H4,K78,Q9P2D7,K7
P16403,H1,K46,Q96M83,K2
Q92522,H1,K173,P60842,K146
Q92522,H1,K174,P60842,K146
Q93079,H2B,K109,P07814,K839
Q99880,H2B,K109,O14578,K600
P68431,H3,K80,O15078,K1475
P62805,H4,K78,Q9Y673,K143
P10412,H1,K75,O60841,K151
P62807,H2B,K109,Q00535,K3
O60814,H2B,K109,Q00535,K3
P62807,H2B,K58,O60308,K216
Q96A08,H2B,K110,P07814,K839
O60814,H2B,K58,O60308,K216
P16403,H1,K46,Q8N0T1,K3
Q02539,H1,K35,P06733,K89
P62807,H2B,K117,P47813,K7
Q02539,H1,K35,P06733,K92
P16403,H1,K46,P21333,K739
P16403,H1,K46,Q86UQ4,K2751
P16403,H1,K75,Q8N0T1,K3
P16403,H1,K46,Q9UG63,K12
Q96A08,H2B,K110,P47813,K7
Q16778,H2B,K35,P51572,K167
P62805,H4,K78,Q9NZ32,K333;K334;K339
O75367,H2A,K7,P06744,K234
P62807,H2B,K6;K12;K13,Q9P2D7,K2898
Q93079,H2B,K109;K117,A6QL64,K1723
O60814,H2B,K109;K117,A6QL64,K1723
P68431,H3,K80,P07814,K839
Q99880,H2B,K109,Q9Y673,K143
P58876,H2B,K109,Q9Y673,K143
Q6FI13,H2A,K119,P07814,K839
P10412,H1,K46,Q5VTE0,K460
Q93079,H2B,K109,O95684,K182
O60814,H2B,K109,O95684,K182
P68431,H3,K80,O75937,K108
Q71DI3,H3,K24,O76031,K170
Q93079,H2B,K6,Q99848,K255
P04908,H2A,K96,Q8IVF4,K2848
P68431,H3,K24,P78371,K402
Q93079,H2B,K109,P53367,K124
P68431,H3,K80,Q9NZ32,K333;K334;K339
P62807,H2B,K6,Q6UB99,K1107
O60814,H2B,K6,Q6UB99,K1107
P62805,H4,K78,Q5JPF3,K1560
Q71UI9,H2A,K5,O75937,K98
P0C0S8,H2A,K96,Q8IVF2,K1111
P10412,H1,K159,Q8WY36,K677
P62805,H4,K32,P07814,K839
P62807,H2B,K109,Q99848,K255
Q71DI3,H3,K57,Q8IWX8,K39
Q16778,H2B,K35,Q9BY44,K498
P16403,H1,K46;K52,Q86UQ4,K2751
P16403,H1,K46;K52,Q5T2N8,K164
P68431,H3,K123,Q53SF7,K167
P58876,H2B,K6,P51572,K149
P62805,H4,K80,Q9Y673,K143
P62805,H4,K80,Q03001,K1381
P62805,H4,K78,Q01484,K1799;K1792|K1794
Q93079,H2B,K117,Q9Y673,K143
O60814,H2B,K117,Q9Y673,K143
P62805,H4,K32,P46100,K388
P68431,H3,K57,P07814,K839|K841
Q99880,H2B,K117,Q9Y673,K143
P68431,H3,K57,Q14093,K190
P58876,H2B,K117,Q9Y673,K143
P62805,H4,K78,P22681,K6
P68431,H3,K80,Q9NYC9,K3319
P16403,H1,K17;K21;K22,Q07065,K5
Q71DI3,H3,K80,Q5CZC0,K658
Q93079,H2B,K6,Q5VT06,K1178
P16403,H1,K160,P30043,K4
P62807,H2B,K16,Q05639,K439
O60814,H2B,K16,Q05639,K439
Q93079,H2B,K6,Q16658,K244
P68431,H3,K28,P07814,K839
P68431,H3,K24,P15924,K821
Q99880,H2B,K121,Q9Y5K8,K55
P58876,H2B,K121,Q9Y5K8,K55
P0C0S5,H2A,K116,O14967,K455
P62807,H2B,K6;K12,Q15910,K611
O60814,H2B,K6;K12,Q15910,K611
Q71DI3,H3,K28,P07814,K839|K841
P68431,H3,K80,Q15029,K268
Q71DI3,H3,K57,Q01484,K1664
P16403,H1,K90,P00374,K55
Q93079,H2B,K6,Q86UQ4,K2751
Q93079,H2B,K6,Q5T2N8,K164
P84243,H3,K28,P07814,K839|K841
P62807,H2B,K6;K12;K13,P23588,K6
O60814,H2B,K6;K12;K13,P23588,K6
P62807,H2B,K109,O75175,K4
O60814,H2B,K109,O75175,K4
P62807,H2B,K6,Q8WYP5,K2130
Q71DI3,H3,K123,P04406,K117
Q99880,H2B,K121,P07814,K839|K841
P58876,H2B,K121,P07814,K839|K841
Q02539,H1,K29,P06733,K89
Q99880,H2B,K109,Q9UIG0,K387;K392;K393
P58876,H2B,K109,Q9UIG0,K387;K392;K393
P62807,H2B,K109,P23588,K6
O60814,H2B,K109,P23588,K6
P62805,H4,K92,O14645,K211
Q93079,H2B,K121,P62736,K317
P68431,H3,K123,Q53SF7,K167
P0C0S8,H2A,K126,P07814,K839
Q93079,H2B,K6,P23588,K6
P68431,H3,K123,A1A4S6,K258
P62805,H4,K60,P46100,K388
P62807,H2B,K6,Q10570,K420
O60814,H2B,K6,Q10570,K420
P58876,H2B,K6,Q9P2D7,K2898
P62807,H2B,K6,Q8IUX7,K93
O60814,H2B,K6,Q8IUX7,K93
P16403,H1,K191,Q7Z401,K40
P06899,H2B,K35,Q8WWF6,K20
P68431,H3,K24,O60832,K12
P62807,H2B,K6,P07814,K839
O60814,H2B,K6,P07814,K839
P06899,H2B,K121,Q14008,K559
O60814,H2B,K121,Q14008,K559
P68431,H3,K80,P20810,K697
P62805,H4,K80,O14578,K1457
P0C0S8,H2A,K119,O60841,K151
P0C0S8,H2A,K119,Q5T0N5,K319
Q6FI13,H2A,K126,Q14093,K190
P0C0S8,H2A,K126,Q9Y6E2,K209
P62807,H2B,K35,Q8WWF6,K20
O60814,H2B,K35,Q8WWF6,K20
Q96A08,H2B,K122,Q99613,K268;K272
P58876,H2B,K121,Q99613,K268;K272
P68431,H3,K24,P35659,K258
P62805,H4,K78,P47813,K7
P62805,H4,K80,O75175,K4
P68431,H3,K24,Q13217,K407
P68431,H3,K57,Q8IWX8,K39
Q93079,H2B,K6,Q9P2D7,K2898
Q93079,H2B,K35,P68104,K64
O60814,H2B,K35,P68104,K64
P62805,H4,K32,Q9Y673,K143
Q93079,H2B,K121,Q14008,K559
P58876,H2B,K121,Q14008,K559
P62805,H4,K78,Q5VT06,K1742
P62805,H4,K78,Q96C19,K9
P0C0S8,H2A,K37,Q9P219,K338
P16403,H1,K34,P07814,K839
P68431,H3,K123,Q8WWL7,K156
P62807,H2B,K6,O15083,K665
O60814,H2B,K6,O15083,K665
P16403,H1,K106,P00374,K55
Q99880,H2B,K121,Q14008,K104
Q02539,H1,K88,Q00535,K3|K6
P16403,H1,K85,Q00535,K3|K6
P68431,H3,K80,P00533,K487
P62807,H2B,K35,Q5VTE0,K64
O60814,H2B,K35,Q5VTE0,K64
P62807,H2B,K121,Q9UG63,K9
P10412,H1,K52,Q9NR30,K59
Q92522,H1,K187;K188;K195,Q9C0G6,K2901
P0C0S8,H2A,K96,Q09666,K1133
P58876,H2B,K6,Q03701,K276
P16403,H1,K52,Q03001,K38
Q71DI3,H3,K5,Q9Y680,K110
P62805,H4,K78,O75175,K4
P62807,H2B,K6,P55010,K166
O60814,H2B,K6,P55010,K166
P10412,H1,K192,O95433,K189
P16403,H1,K140,P20020,K356
Q6FI13,H2A,K37,Q9P219,K338
P62807,H2B,K117,Q8N335,K29
O60814,H2B,K117,Q8N335,K29
P10412,H1,K168,Q6Y7W6,K733
P10412,H1,K140,P04406,K117
O60814,H2B,K121,Q8WYP5,K2130
Q93079,H2B,K109,Q03001,K1381
O60814,H2B,K109,Q03001,K1381
P68431,H3,K19,Q9Y673,K143
P10412,H1,K52,P00374,K55
P62807,H2B,K6,Q9H444,MN-Term|K6
O60814,H2B,K6,Q9H444,MN-Term|K6
P62805,H4,K78,Q5TAT6,K8
Q96A08,H2B,K122,Q9UG63,K9
P62807,H2B,K6,Q66PJ3,K308
Q93079,H2B,K121,Q8TES7,MN-Term;K4;K6
P58876,H2B,K121,Q8TES7,MN-Term;K4;K6
Q71DI3,H3,K24,P04406,K117
P68431,H3,K24,Q96JB1,K3619
P16403,H1,K63,Q16531,K1060
P62807,H2B,K6,Q9BVP2,K215
P68431,H3,K80,A2A2Z9,K859
P16403,H1,K34;K46;K52,Q5T2N8,K164
Q99880,H2B,K121,P47813,MN-Term
P58876,H2B,K121,P47813,MN-Term
P68431,H3,K5,Q5T5Y3,K897
Q93079,H2B,K121,P47813,MN-Term
Q71DI3,H3,K19,Q9NY12,K165
P62805,H4,K80,P47813,K7
P68431,H3,K5,Q96JB1,K3619
P68431,H3,K80,Q9Y6E2,K3
P68431,H3,K80,Q9UQ16,K529
Q93079,H2B,K86,Q9P219,K338
O60814,H2B,K86,Q9P219,K338
P62807,H2B,K121,P04406,K117
P58876,H2B,K121,P04406,K117
P10412,H1,K46,P05997,K1420
P10412,H1,K46,Q9Y5K6,K105
Q93079,H2B,K6;K12;K13,P80723,K4
P62805,H4,K80,Q9Y673,K143
P68431,H3,K24,Q01484,K580
P16403,H1,K168,Q9Y224,K241
P10412,H1,K46,Q13217,K266
P62807,H2B,K6;K12;K13,Q96GQ7,K689|K690
O60814,H2B,K6;K12;K13,Q96GQ7,K689|K690
Q6FI13,H2A,K126,Q14093,K190
P68431,H3,K80,Q9H2P0,K616
P16403,H1,K85,P04406,K117
Q02539,H1,K88,P04406,K117
P68431,H3,K37,P07814,K839
P10412,H1,K140,Q00535,K3|K6
P0C0S8,H2A,K96,Q8WWL7,K1200|K1202
P68431,H3,K80,Q14204,K3245
P62807,H2B,K121,Q14980,K1625
Q16695,H3,K5,Q9C0D6,K1096
P0C0S8,H2A,K37,P23588,K486
P62807,H2B,K121,Q9Y4W6,K794
P58876,H2B,K121,Q9Y4W6,K794
Q93079,H2B,K35,P26641,K132
O60814,H2B,K35,P26641,K132
P04908,H2A,K96,Q9NY12,K140;K150
P68431,H3,K123,Q86XP3,K647
P16403,H1,K122,P51114,K152
Q93079,H2B,K6,O75487,K397
P62807,H2B,K16,Q5VTE0,K439
O60814,H2B,K16,Q5VTE0,K439
P62807,H2B,K121,P20020,K322
P62807,H2B,K121,P78347,K798
P62805,H4,K32,P07814,K839|K841
Q6FI13,H2A,K37,P23588,K486
Q99880,H2B,K121,Q9Y673,K143
Q99880,H2B,K121,Q14839,K833
P58876,H2B,K121,Q9Y673,K143
P58876,H2B,K121,Q14839,K833
P62807,H2B,K6,Q9P2D7,K7
P62807,H2B,K6,P47813,MN-Term
O60814,H2B,K6,P47813,MN-Term
P68431,H3,K19,Q96JB1,K3619
P62807,H2B,K6,P07814,K839
O60814,H2B,K6,P07814,K839
P0C0S8,H2A,K37,Q8WWF6,K20
Q16695,H3,K80,Q9UQ16,K541
P62807,H2B,K16,Q5VTE0,K439
O60814,H2B,K16,Q5VTE0,K439
Q96A08,H2B,K122,Q8WYP5,K2130
P68431,H3,K24,Q14839,K285|K287
Q99880,H2B,K58,Q5W0A0,K456
P68431,H3,K57,Q13315,K2810
P58876,H2B,K58,Q5W0A0,K456
P62805,H4,K78,Q8TBZ0,K824;K826
P16403,H1,K122,Q96M83,K2
P62807,H2B,K6,O14617,K613
O60814,H2B,K6,O14617,K613
P68431,H3,K24,P51858,K151
P68431,H3,K57,Q14004,K458
P62807,H2B,K6,Q06787,K614
Q71DI3,H3,K5,P15924,K821
P16403,H1,K127,P20020,K356
Q16695,H3,K5,Q9BTC0,K190
P62807,H2B,K6;K12;K13,P80723,K4
O60814,H2B,K6;K12;K13,P80723,K4
P68431,H3,K123,Q8IWX8,K39
P16104,H2A,K37,Q5VTE0,K64
Q71UI9,H2A,K8,P06733,K5
Q71UI9,H2A,K12,P06733,K5
P10412,H1,K127,O00591,K392
Q6FI13,H2A,K37,O14578,K1980
P62805,H4,K13;K17,P47813,K7
Q16695,H3,K5,Q86WP2,K176
P16403,H1,K160,P07814,K839|K841
Q99880,H2B,K109,Q5VT06,K1741|K1742
P58876,H2B,K109,Q5VT06,K1741|K1742
P16403,H1,K160,Q7Z401,K40
P10412,H1,K192,Q6Y7W6,K733
P68431,H3,K19,Q07065,K5
P62807,H2B,K121,P55201,K487;K489
P16403,H1,K172,Q9UG63,K8
P62807,H2B,K6,O95573,K366
O60814,H2B,K6,O95573,K366
Q93079,H2B,K17,Q9Y673,K143
Q93079,H2B,K35,P38919,K15
O60814,H2B,K17,Q9Y673,K143
O60814,H2B,K35,P38919,K15
Q6FI13,H2A,K126,P07814,K839|K841
P62805,H4,K13,P49454,K326
Q93079,H2B,K6,Q9UKL3,K1111
P10412,H1,K140,Q96CT7,K3
P68431,H3,K80,Q8N5Q1,K481
P62807,H2B,K6;K12;K13,Q9P2D7,K2898
P0C0S8,H2A,K126,Q03001,K586
P68431,H3,K19,Q8WXS8,K731
Q93079,H2B,K21,O60885,K406
O60814,H2B,K21,O60885,K406
Q93079,H2B,K6,Q03701,K276
Q71UI9,H2A,K5,P06733,K5
Q71UI9,H2A,K8,P06733,K5
Q71UI9,H2A,K12,P06733,K5
P62807,H2B,K6,Q8IUX7,K93
P23527,H2B,K35,P38919,K15
P16402,H1,K161,Q9NV06,K2
P62807,H2B,K6,P80723,K4
O60814,H2B,K6,P80723,K4
P62807,H2B,K6,P51572,K167
O60814,H2B,K6,P51572,K167
P62807,H2B,K21,Q8IUX7,K93
P0C0S8,H2A,K37,P68104,K64
P16403,H1,K122,P41223,K3
Q93079,H2B,K6,Q5CZC0,K5986
P62807,H2B,K21,Q8IUX7,K93
O60814,H2B,K21,Q8IUX7,K93
P62807,H2B,K121,Q14008,K559
Q16778,H2B,K35,Q2TBE0,K309
P62807,H2B,K21,Q13319,K81
O60814,H2B,K21,Q13319,K81
P58876,H2B,K6,P23588,K6
P68431,H3,K5,P07814,K839
P68431,H3,K5,A8MT82,K338
P06899,H2B,K121,Q8WYP5,K2130
P68431,H3,K5,Q9NY12,K165
P16403,H1,K129,Q9NV06,K2
P16403,H1,K130,Q9NV06,K2
P16403,H1,K117,Q96CT7,K3
Q93079,H2B,K121,P07814,K839|K841
P68431,H3,K19,Q9NZ32,K333;K334;K339
P68431,H3,K80,Q15059,K508;K510;K512
P16104,H2A,K37,P68104,K64
P16403,H1,K160,Q14203,K135
P68431,H3,K80,P80723,K4
Q93079,H2B,K35,Q6Y7W6,K885
P68431,H3,K5,Q9NZ32,K333;K334;K339
P62805,H4,K13,P51572,K159
P06899,H2B,K121,Q8N0T1,K3
O60814,H2B,K121,Q8N0T1,K3
P62807,H2B,K6,Q5VT06,K821
P62805,H4,K9,Q9Y673,K143
O60814,H2B,K6,Q5VT06,K821
P62807,H2B,K6;K12;K13,Q13561,K75
P16401,H1,K130;K132,Q9UBT7,K223;K220|K221
P68431,H3,K5,Q8WXS8,K731
P62807,H2B,K6,P23588,K6|K7
O60814,H2B,K6,P23588,K6|K7
Q93079,H2B,K6,P47813,MN-Term
Q99880,H2B,K17,Q9Y673,K143
P58876,H2B,K17,Q9Y673,K143
Q93079,H2B,K6,Q9C0G6,K2693
P68431,H3,K15,Q7Z2K8,K685
P68431,H3,K19,Q6NUN7,K682
P62805,H4,K9,Q15059,K508;K510;K512
Q71DI3,H3,K19,P04406,K117
P58876,H2B,K6,P80723,K4
P68431,H3,K19,Q13217,K407
P20671,H2A,K37,P23588,K486
P68431,H3,K19,P78371,K441
Q93079,H2B,K6,Q66PJ3,K308
Q71DI3,H3,K19,P51114,K152
P68431,H3,K24,Q86WP2,K176
P68431,H3,K15,P07814,K839|K841
Q5QNW6,H2B,K21,Q96QE3,K231
P0C0S8,H2A,K10,P22681,K7
P58876,H2B,K121,Q9UG63,K9
Q02539,H1,K179,P06733,K5
P62807,H2B,K17,Q02224,K1857
O60814,H2B,K17,Q02224,K1857
P68431,H3,K5,P07814,K839|K841
Q5QNW6,H2B,K21,P13637,K4
P62807,H2B,K13;K16;K17,O14617,K613
O60814,H2B,K13;K16;K17,O14617,K613
Q93079,H2B,K109,Q6DD88,K538
O60814,H2B,K109,Q6DD88,K538
P58876,H2B,K6,P23588,K6
P68431,H3,K19,P07384,K653
P68431,H3,K19,P07814,K839
P20671,H2A,K37,Q9BSJ8,K417
P68431,H3,K19,O14908,MN-Term
P68431,H3,K28,Q15398,K641
P68431,H3,K24,P07814,K839
P58876,H2B,K6,Q9ULW3,K97|K98
Q99877,H2B,K6,Q9P225,K3216
Q99877,H2B,K13,Q9P225,K3216
P62805,H4,K78,A2A2Z9,K258
Q6FI13,H2A,K37,P23588,K6
P62807,H2B,K6,Q8IYD1,K265
P62807,H2B,K12;K13;K16,P23588,K6|K7
O60814,H2B,K12;K13;K16,P23588,K6|K7
Q6FI13,H2A,K37,Q9BT09,K224
P58876,H2B,K121,Q14008,K104
P62807,H2B,K121,P07814,K839
P58876,H2B,K121,P07814,K839
P20671,H2A,K37,Q8WWF6,K20
P62807,H2B,K13;K16;K17,P23588,K6
O60814,H2B,K13;K16;K17,P23588,K6
P62807,H2B,K109,Q9NPA8,K5
O60814,H2B,K109,Q9NPA8,K5
P68431,H3,K123,Q53SF7,K167
P16104,H2A,K135,Q14126,K66|K67
P68431,H3,K19,Q16204,K125
P58876,H2B,K6,Q8NE71,K184
P58876,H2B,K6,Q9P2D7,K2898
P0C0S8,H2A,K120,Q5SRD0,K4
P62807,H2B,K35,P13637,K4
O60814,H2B,K35,P13637,K4
Q93079,H2B,K21,P06733,K60
O60814,H2B,K21,P06733,K60
P16403,H1,K27,Q09666,K5081
P62805,H4,K78,P47813,K7
Q16695,H3,K5,Q09666,K5081
P62805,H4,K6,Q9Y673,K143
P62807,H2B,K6,P13637,K4
Q71DI3,H3,K19,P48444,K164
O60814,H2B,K6,P13637,K4
P68431,H3,K24,Q96JB1,K3619
Q16695,H3,K19,Q9C0D6,K1096
Q16695,H3,K5,Q9BXW9,K30
P16402,H1,K170;K173;K176,P06733,K60
P23527,H2B,K35,P23588,K6
P58876,H2B,K6,Q06889,K4
P68431,H3,K24,Q9Y673,K143
P62807,H2B,K6;K12;K13,Q92520,K191
P0C0S8,H2A,K120,P30520,K228
P62807,H2B,K17,O14617,K613
O60814,H2B,K6;K12;K13,Q92520,K191
O60814,H2B,K17,O14617,K613
Q93079,H2B,K12;K13,P23588,K6
O60814,H2B,K12;K13,P23588,K6
Q93079,H2B,K12;K13;K16,Q13838,K183
O60814,H2B,K12;K13;K16,Q13838,K183
P16403,H1,K17,Q9UG63,K8;K9;K12
P16403,H1,K140,P41223,K3
P0C0S8,H2A,K37,P20810,K51
Q99880,H2B,K109,Q66PJ3,K192
P62805,H4,K13,P47813,K7
Q71DI3,H3,K19,P07814,K839|K841
P10412,H1,K160,A8MQT2,K14
P62807,H2B,K21,P23588,K6
O60814,H2B,K21,P23588,K6
P62807,H2B,K6,Q92785,K184
P16104,H2A,K120;K128;K134,Q9C0G6,K2901
Q99880,H2B,K47,Q14008,K104
P22492,H1,K176;K184,P07814,K839
P62807,H2B,K6,P47756,K136
P62807,H2B,K21,Q8TDI0,K661;K662;K664
O60814,H2B,K21,Q8TDI0,K661;K662;K664
P68431,H3,K80,Q9UBW5,K402
Q99880,H2B,K12,Q9Y673,K143
P58876,H2B,K12,Q9Y673,K143
Q99877,H2B,K6,P80723,K4
P06899,H2B,K121,Q13185,K92
O60814,H2B,K121,Q13185,K92
P68431,H3,K5,Q13217,K406|K407
Q16695,H3,K15,Q01469,K112
P10412,H1,K192,O95433,K189
Q6FI13,H2A,K120,P07814,K839
O75367,H2A,K7,Q9Y673,K143
P68431,H3,K19,Q13217,K407
P0C0S8,H2A,K10,Q9UG63,K25
Q16695,H3,K57,P07814,K839|K841
P16401,H1,K130;K132,Q9UBT7,K220;K223
Q93079,H2B,K6,Q15910,K6
P68431,H3,K5,Q8NCM8,K1471
Q93079,H2B,K6,P23588,K6
Q93079,H2B,K109,P22413,K816
O60814,H2B,K109,P22413,K816
P10412,H1,K21,P39748,K369
P16403,H1,K211,P54132,K839
P62807,H2B,K35,Q5VTE0,K64
O60814,H2B,K35,Q5VTE0,K64
P62807,H2B,K121,Q99613,K268;K272
Q93079,H2B,K109,Q9NPA8,K5
P62807,H2B,K6,Q86VP6,K1158
P68431,H3,K19,Q6V0I7,K4535
Q99880,H2B,K21,Q03701,K276
P58876,H2B,K21,Q03701,K276
P62807,H2B,K6,Q16658,K244
P68431,H3,K10;K15,Q09666,K5081
P06899,H2B,K121,P47813,MN-Term
O60814,H2B,K121,P47813,MN-Term
P0C0S8,H2A,K120,P47813,K5
P16104,H2A,K37,Q9BWV3,K175
P62807,H2B,K6,Q12904,K133
P68431,H3,K24,P07814,K839
P62807,H2B,K109,P01023,K3
P58876,H2B,K109,P01023,K3
Q9P0M6,H2A,K235,P06733,K54
Q8N257,H2B,K6,Q66PJ3,K308
P68431,H3,K5,Q12955,K2570
P0C0S8,H2A,K120,P07814,K839
P62807,H2B,K6;K12,P80723,K4
O60814,H2B,K6;K12,P80723,K4
P16402,H1,K161,P46100,K1359
P62807,H2B,K12,P51572,K167
O60814,H2B,K12,P51572,K167
Q99877,H2B,K6,Q05639,K443
Q99880,H2B,K6,Q05639,K443
Q92522,H1,K166,P23588,K6
Q93079,H2B,K47,Q9UG63,K12
O60814,H2B,K47,Q9UG63,K12
Q99880,H2B,K121,Q03001,K861
P58876,H2B,K121,Q03001,K861
P62805,H4,K13,P07814,K839|K841
Q8N257,H2B,K6,Q13319,K81
P68431,H3,K28,P07814,K839
P68431,H3,K5,P04406,K117
P62807,H2B,K17,Q8IX18,K601
O60814,H2B,K17,Q8IX18,K601
P58876,H2B,K6,P55010,K166
P10412,H1,K52,Q5VTE0,K457
P62805,H4,K9,P07814,K839|K841
Q71DI3,H3,K19,Q9UKJ3,K188
Q93079,H2B,K109,Q14008,K104
P22492,H1,K110;K113,Q8N556,K305;K306
P68431,H3,K24,Q8IWJ2,K36
Q93079,H2B,K17,Q8NE71,K3
O60814,H2B,K17,Q8NE71,K3
P16104,H2A,K10,P04406,K215
Q93079,H2B,K13;K16;K17,O75487,K397
O60814,H2B,K13;K16;K17,O75487,K397
P58876,H2B,K121,Q9UG63,KN-Term|K9
P07305,H1,K136,P32519,K354
P62807,H2B,K109,Q8NE71,K184
O60814,H2B,K109,Q8NE71,K184
P62807,H2B,K6,Q9NVI1,K900
O60814,H2B,K6,Q9NVI1,K900
P62807,H2B,K86,Q5JQC9,K479
O60814,H2B,K86,Q5JQC9,K479
P62807,H2B,K12;K13;K16,Q96B23,K196
O60814,H2B,K12;K13;K16,Q96B23,K196
P16403,H1,K211,Q7L622,K564
Q99880,H2B,K86,Q15751,K3051
P58876,H2B,K86,Q15751,K3051
P0C0S8,H2A,K120,Q9GZR7,K158
Q93079,H2B,K21,O95433,K187|K189
O60814,H2B,K21,O95433,K187|K189
P62807,H2B,K17,Q9BTC0,K549
O60814,H2B,K17,Q9BTC0,K549
P16403,H1,K17;K21;K22,Q9UG63,K12
P68431,H3,K5,Q99615,K254;K257
Q96A08,H2B,K48,Q8WYP5,K2130
Q93079,H2B,K109,P80723,K4
P0C0S8,H2A,K37,P80723,K4
O60814,H2B,K109,P80723,K4
P16403,H1,K172,P27695,K6
Q93079,H2B,K12,P07814,K839|K841
O60814,H2B,K12,P07814,K839|K841
Q96A08,H2B,K110,O60841,K151
O60814,H2B,K109,O60841,K151
Q99880,H2B,K21,P23588,K6
P58876,H2B,K21,P23588,K6
Q99880,H2B,K109,Q9NPA8,K5
P58876,H2B,K109,Q9NPA8,K5
Q93079,H2B,K109,Q9UG63,K9
P62807,H2B,K109,P01023,K3
P58876,H2B,K109,P01023,K3
Q71DI3,H3,K24,P07814,K839|K841
P10412,H1,K127,P51114,K152
P16403,H1,K211,Q96CT7,K3
Q93079,H2B,K109,Q8N0T1,K3
O60814,H2B,K109,Q8N0T1,K3
P62807,H2B,K12,Q9P2D7,K2898
Q96A08,H2B,K122,Q14839,K261
P58876,H2B,K121,Q14839,K261
P62807,H2B,K25,Q9P2D7,K2898
P62807,H2B,K17,O75122,K440
O60814,H2B,K17,O75122,K440
P16104,H2A,K37,Q5VTE0,K64
Q71UI9,H2A,K116,O14967,K455
Q93079,H2B,K109,Q9NPA8,K5
O60814,H2B,K109,Q9NPA8,K5
P62807,H2B,K12,Q9H444,MN-Term|K6
O60814,H2B,K12,Q9H444,MN-Term|K6
P0C0S5,H2A,K122,Q14204,K856
P10412,H1,K130,P07814,K841
P62805,H4,K13,P07814,K839
P62805,H4,K6,Q14204,K3252
P68431,H3,K5,Q9BSJ8,K1054
Q93079,H2B,K12,P46100,K943
O60814,H2B,K12,P46100,K943
P68431,H3,K5,Q9P2D7,K2898
P62807,H2B,K17,Q8NE71,K3
P16403,H1,K27,P07814,K839|K841
Q93079,H2B,K86,Q09666,K3
O60814,H2B,K86,Q09666,K3
P62807,H2B,K16,Q9P2D7,K2898
P68431,H3,K24,Q9NYC9,K3319
Q8N257,H2B,K6;K12;K13,P23588,K6
P0C0S8,H2A,K96,Q9NTX9,K219;K202|K205
P62805,H4,K13,P01023,K3
P68431,H3,K5,Q99613,K889
P62807,H2B,K12;K13;K16,Q9P2D7,K2898
Q93079,H2B,K12,Q9Y673,K143
O60814,H2B,K12,Q9Y673,K143
P62807,H2B,K25,Q13838,K183
O60814,H2B,K25,Q13838,K183
P68431,H3,K19,Q96K17,K18
P62807,H2B,K12,P13637,K4
O60814,H2B,K12,P13637,K4
P68431,H3,K24,Q7Z4V5,K560
P0C0S8,H2A,K37,Q92896,K943
Q93079,H2B,K17,Q96CS3,K343
O60814,H2B,K17,Q96CS3,K343
Q93079,H2B,K25,P10515,K387
O60814,H2B,K25,P10515,K387
P07305,H1,132,O94923,371
P07305,H1,82,O94923,371
P07305,H1,11,Q7Z4H7,342
P07305,H1,59,P48741,194
P07305,H1,82,Q14512,59
P07305,H1,59,O00160,776
P07305,H1,11,O00160,776
P07305,H1,11,O95084,196
Q02539,H1,201,Q9NQZ2,473
Q02539,H1,78,P33992,363
Q02539,H1,26,P05204,82
Q02539,H1,78,Q9H6T0,540
Q02539,H1,78,P16471,601
Q02539,H1,120,O75521,177
Q02539,H1,78,Q7Z7G8,4019
Q02539,H1,78,P23560,223
Q02539,H1,78,Q14678,1109
Q02539,H1,120,Q8IY18,738
Q02539,H1,120,Q86XJ1,577
Q02539,H1,78,Q9NVQ4,158
Q02539,H1,113,Q5VZL5,181
Q02539,H1,78,Q13426,3
Q02539,H1,120,Q9P1P4,243
Q02539,H1,120,O14958,205
Q02539,H1,67,O14958,205
Q02539,H1,213,P05204,64
Q02539,H1,120,Q8IUX8,385
Q02539,H1,120,P26196,232
Q02539,H1,66,Q6IN85,561
Q02539,H1,113,P35499,1304
Q02539,H1,120,P35499,1304
Q02539,H1,78,P82914,57
Q02539,H1,88,Q68DD2,332
Q02539,H1,125,O75912,1027
Q02539,H1,120,O75912,1027
Q02539,H1,78,O60673,1158
Q02539,H1,113,Q14642,129
Q02539,H1,78,O15090,187
Q02539,H1,203,Q14839,123
Q02539,H1,78,Q8WYK1,118
Q02539,H1,29,Q9Y236,347
Q02539,H1,120,Q9NQ66,971
Q02539,H1,78,P12036,773
Q02539,H1,78,Q6IC83,74
P16403,H1,148,Q8TD16,404
P16403,H1,46,Q7Z6B0,379
P16403,H1,46,O94810,172
P16403,H1,148,Q92576,957
P16403,H1,119,Q8NDI1,1097
P16403,H1,127,Q8TD16,404
P16403,H1,117,Q9NQZ2,473
P16403,H1,46,Q9NQZ2,473
P16403,H1,160,Q9NQZ2,473
P16403,H1,159,Q9H892,565
P16403,H1,130,O15054,1008
P16403,H1,46,P46087,627
P16403,H1,140,Q9UJT2,44
P16403,H1,168,Q9UJT2,44
P16403,H1,136,Q9UJT2,44
P16403,H1,191,Q9UJT2,44
P16403,H1,46,P83731,119
P16403,H1,46,O75521,177
P16403,H1,168,Q9P1P4,243
P16403,H1,136,Q9P1P4,243
P16403,H1,191,Q9P1P4,243
P16403,H1,117,O14958,205
P16403,H1,119,O14958,205
P16403,H1,46,O14958,205
P16403,H1,127,O14958,205
P16403,H1,168,O14958,205
P16403,H1,130,Q6ZN66,455
P16403,H1,34,Q8N6M6,757
P16403,H1,129,O43295,911
P16403,H1,127,Q07092,300
P16403,H1,46,Q8WUU4,5
P16403,H1,34,Q8WUU4,5
P16403,H1,168,O43586,141
P16403,H1,129,Q5SSJ5,497
P16403,H1,160,Q5SSJ5,501
P16403,H1,46,P51114,152
P16403,H1,46,Q9UKX7,362
P16403,H1,140,Q9Y6Q1,616
P16403,H1,148,Q6IN85,561
P16403,H1,63,Q6IN85,561
P16403,H1,46,Q68DE3,33
P16403,H1,159,Q9UHW9,178
P16403,H1,160,Q9UHW9,178
P16403,H1,34,Q9Y4K4,475
P16403,H1,168,Q8N6H7,222
P16403,H1,168,P18858,240
P16403,H1,140,Q13459,1385
P16403,H1,148,Q13459,1390
P16403,H1,140,Q13459,1390
P16403,H1,160,Q13459,1385
P16403,H1,191,Q13459,1385
P16403,H1,160,P14625,320
P16403,H1,159,P14625,322
P16403,H1,129,Q9UIG0,1037
P16403,H1,130,Q8TD16,404
P16403,H1,46,Q68DD2,332
P16403,H1,46,O60673,1158
P16403,H1,140,O60673,1158
P16403,H1,130,Q8WZ42,10091
P16403,H1,119,Q8TD16,404
P16403,H1,46,Q8TD16,404
P16403,H1,191,Q8TD16,404
P16403,H1,34,Q8WYJ6,186
P16403,H1,168,Q01484,2608
P16403,H1,140,O94933,334
P16403,H1,46,P29120,686
P16403,H1,46,P29120,687
P16403,H1,127,Q8NEN9,634
P16403,H1,46,Q8NEN9,634
P16403,H1,130,Q8NEN9,634
P16403,H1,191,Q8NEN9,634
P16403,H1,46,Q6NXP0,472
P16403,H1,130,P35269,233
P16402,H1,194,P17096,74
P16402,H1,194,Q13956,21
P10412,H1,148,Q9NQZ2,473
P10412,H1,140,Q9BYN7,309
P10412,H1,177,Q8TD16,404
P10412,H1,159,Q9UJT2,44
P10412,H1,148,Q9UJT2,44
P10412,H1,148,Q9Y4B4,1124
P10412,H1,140,Q9P1P4,243
P10412,H1,160,Q9P1P4,243
P10412,H1,148,Q86Y22,510
P10412,H1,137,Q96QH2,619
P10412,H1,159,P50914,172
P10412,H1,148,P50914,172
P10412,H1,140,Q5SSJ5,501
P10412,H1,160,Q6ZQQ6,1182
P10412,H1,140,Q8IYW2,498
P10412,H1,129,Q96MN5,133
P10412,H1,160,Q8N6H7,222
P10412,H1,159,Q9UIG0,1037
P10412,H1,26,P05204,82
P10412,H1,160,Q14642,129
P10412,H1,160,Q3YEC7,415
P10412,H1,140,Q6PIW4,377
P10412,H1,140,Q8TD16,404
P10412,H1,168,Q8TD16,404
P10412,H1,160,Q8NEN9,634
P10412,H1,21,P05204,82
P16401,H1,149,P68104,450
P16401,H1,217,O75844,314
P16401,H1,120,Q92576,957
P16401,H1,120,Q8NDI1,1097
P16401,H1,130,P02545,311
P16401,H1,120,Q9NQZ2,473
P16401,H1,93,Q9NQZ2,473
P16401,H1,120,Q9Y4L1,3
P16401,H1,120,Q5JY77,81
P16401,H1,109,A6NJL1,252
P16401,H1,120,P46087,627
P16401,H1,100,P46087,627
P16401,H1,199,Q9UJT2,44
P16401,H1,109,Q8IY18,738
P16401,H1,120,Q9Y4B4,1124
P16401,H1,55,Q8N4N8,66
P16401,H1,93,Q9HCK1,276
P16401,H1,120,Q9P1P4,243
P16401,H1,113,Q9P1P4,243
P16401,H1,93,Q9P1P4,243
P16401,H1,199,Q9UJT2,49
P16401,H1,109,P49641,977
P16401,H1,120,O14958,205
P16401,H1,93,O14958,205
P16401,H1,122,Q6ZN66,455
P16401,H1,113,P35626,625
P16401,H1,93,Q9HCK1,2161
P16401,H1,120,P05204,82
P16401,H1,113,P17096,74
P16401,H1,109,Q7L2E3,297
P16401,H1,199,Q5SSJ5,497
P16401,H1,100,Q6IN85,561
P16401,H1,120,Q99626,243
P16401,H1,55,Q99626,243
P16401,H1,120,P35499,1304
P16401,H1,120,Q13459,1385
P16401,H1,120,Q13459,1390
P16401,H1,113,Q13459,1385
P16401,H1,93,Q13459,1385
P16401,H1,93,P14625,322
P16401,H1,55,Q68DD2,332
P16401,H1,93,Q9BQI3,551
P16401,H1,93,Q96EZ8,121
P16401,H1,93,O60673,1158
P16401,H1,109,Q8IYX3,506
P16401,H1,120,Q8TD16,404
P16401,H1,122,Q8TD16,404
P16401,H1,199,Q8TD16,404
P16401,H1,109,Q8TD16,404
P16401,H1,100,Q8TD16,404
P16401,H1,93,O95425,697
P16401,H1,93,O15090,402
P16401,H1,113,P17096,67
P16401,H1,109,P55197,767
P16401,H1,109,P55197,768
P16401,H1,120,Q9BYN7,272
P16401,H1,109,Q8WYJ6,186
P16401,H1,100,Q8WYJ6,186
P16401,H1,109,Q9UHB7,807
P16401,H1,109,Q8NEN9,634
P16401,H1,100,Q8NEN9,634
P16401,H1,93,Q8NEN9,634
P16401,H1,93,P62826,141
P16401,H1,93,Q96EZ8,123
P16401,H1,109,Q6ZQQ6,47
Q8IZA3,H1,285,P35268,107
P04908,H2A,6,P05204,64
P04908,H2A,6,P05204,76
P04908,H2A,6,P02545,123
P04908,H2A,6,P18754,335
P04908,H2A,6,P62987,48
P04908,H2A,6,P17096,15
P04908,H2A,6,P17096,18
P04908,H2A,6,P05204,82
P04908,H2A,6,P02545,97
P04908,H2A,6,P17096,82
P04908,H2A,6,P02545,270
P04908,H2A,126,P17096,15
P04908,H2A,126,P17096,18
P04908,H2A,120,P05204,36
P04908,H2A,120,P05204,40
P04908,H2A,120,P05114,35
P04908,H2A,126,Q5SSJ5,185
P04908,H2A,10,P17096,74
P04908,H2A,10,P17096,15
Q96KK5,H2A,126,P05204,64
Q96KK5,H2A,126,P68104,392
Q96KK5,H2A,126,P05204,36
Q96KK5,H2A,126,P05204,40
Q96KK5,H2A,120,P05204,82
Q96KK5,H2A,126,P05204,82
Q99878,H2A,37,Q9BR39,647
Q8IUE6,H2A,125,O95425,614
Q8IUE6,H2A,128,P17096,82
P0C0S5,H2A,116,P62861,18
P0C0S5,H2A,116,Q8NE71,218
P0C0S5,H2A,116,Q9UHB7,569
P58876,H2B,5,O94874,658
P58876,H2B,5,Q9BR39,647
P58876,H2B,5,Q13127,460
P58876,H2B,5,Q53EL6,115
P58876,H2B,5,Q5T0F9,9
P58876,H2B,5,Q68DE3,33
P58876,H2B,5,Q9UKX7,368
P58876,H2B,5,Q14764,299
P58876,H2B,5,O95425,614
Q93079,H2B,121,P05204,11
Q93079,H2B,117,P05204,11
Q93079,H2B,109,Q9NQZ2,473
Q93079,H2B,109,P46087,627
Q93079,H2B,109,P11388,1516
Q93079,H2B,117,P62750,3
Q93079,H2B,121,Q9NVQ4,158
Q93079,H2B,121,Q5HYL7,101
Q93079,H2B,121,P17096,74
Q93079,H2B,121,P62987,48
Q93079,H2B,121,Q15651,13
Q93079,H2B,121,P05204,82
Q93079,H2B,121,P17096,82
Q93079,H2B,121,P05204,18
Q93079,H2B,121,P05114,14
Q93079,H2B,121,Q15651,20
Q93079,H2B,35,P52756,90
Q93079,H2B,121,P17096,23
Q93079,H2B,109,P17096,23
Q93079,H2B,121,Q9UPP5,555
Q93079,H2B,109,Q8NHP7,352
Q93079,H2B,121,P05114,18
Q93079,H2B,117,P05114,18
Q93079,H2B,109,Q9Y5S2,737
Q93079,H2B,109,Q9Y5S2,739
Q93079,H2B,117,Q96MT7,1684
Q93079,H2B,117,Q8IVF4,2560
Q93079,H2B,35,Q5VUJ6,565
Q93079,H2B,109,P48741,194
Q93079,H2B,109,Q9P1P4,243
Q93079,H2B,109,P05204,59
Q93079,H2B,109,P09874,945
Q93079,H2B,35,Q8TE59,315
Q93079,H2B,121,Q9BR39,647
Q93079,H2B,109,P26358,177
Q93079,H2B,121,P17096,88
Q93079,H2B,109,O14958,205
Q93079,H2B,117,P17096,74
Q93079,H2B,117,P05204,31
Q93079,H2B,109,Q5KSL6,219
Q93079,H2B,109,Q96JG9,1058
Q93079,H2B,109,P50914,142
Q93079,H2B,109,B1AJZ9,1417
Q93079,H2B,121,Q96MG2,263
Q93079,H2B,35,P59046,371
Q93079,H2B,121,Q53EL6,115
Q93079,H2B,117,Q53EL6,115
Q93079,H2B,109,Q96KJ9,13
Q93079,H2B,109,P25490,174
Q93079,H2B,109,Q5T0F9,9
Q93079,H2B,117,Q68DE3,33
Q93079,H2B,109,Q68DE3,33
Q93079,H2B,109,Q86YN1,232
Q93079,H2B,109,Q9UIG0,200
Q93079,H2B,109,Q9Y251,412
Q93079,H2B,109,Q9UKX2,1790
Q93079,H2B,109,Q5BKZ1,260
Q93079,H2B,109,P14625,322
Q93079,H2B,109,Q9BW71,178
Q93079,H2B,109,P17096,35
Q93079,H2B,121,Q68DD2,332
Q93079,H2B,117,Q8WZ42,4051
Q93079,H2B,47,Q8IWU5,849
Q93079,H2B,109,P52948,1749
Q93079,H2B,109,Q9UKX7,368
Q93079,H2B,109,Q14839,123
Q93079,H2B,121,Q9BUD6,299
Q93079,H2B,109,Q7Z4V5,483
Q93079,H2B,109,P62987,48
Q93079,H2B,121,Q13889,305
Q93079,H2B,109,Q8IUX8,291
Q93079,H2B,109,Q8TD16,404
Q93079,H2B,109,P43155,85
Q93079,H2B,109,P05204,31
Q93079,H2B,109,P05204,36
Q93079,H2B,109,Q15651,33
Q93079,H2B,109,P05114,27
Q93079,H2B,109,P09874,621
Q93079,H2B,109,P62987,6
Q93079,H2B,47,Q496A3,8
Q93079,H2B,109,Q15554,211
Q93079,H2B,121,Q14764,299
Q93079,H2B,109,Q96LI9,294
Q93079,H2B,47,Q5F1R6,181
Q93079,H2B,109,P48995,266
Q93079,H2B,109,Q8WZ42,16995
Q93079,H2B,109,Q8NE71,218
Q93079,H2B,109,Q8NE71,220
Q93079,H2B,117,Q8WYJ6,186
Q93079,H2B,109,Q8WYJ6,186
Q93079,H2B,109,Q6P2Q9,705
Q93079,H2B,109,Q9UHB7,569
Q93079,H2B,117,O94933,334
Q93079,H2B,109,O94933,334
Q93079,H2B,117,Q8WZ42,33118
Q93079,H2B,109,Q8WZ42,33118
Q93079,H2B,109,P11388,1323
Q93079,H2B,109,Q96D70,47
Q93079,H2B,109,O95425,614
Q93079,H2B,117,P98171,231
Q93079,H2B,109,Q70EL2,3
Q93079,H2B,12,P05204,64
Q93079,H2B,12,Q9BR39,647
Q93079,H2B,12,P17096,74
Q93079,H2B,12,P05204,82
Q93079,H2B,117,Q96EZ8,123
Q93079,H2B,35,Q3SY52,208
Q93079,H2B,109,P17096,15
Q93079,H2B,109,P17096,18
Q93079,H2B,117,P09874,126
Q93079,H2B,121,Q96N64,496
Q93079,H2B,109,P62826,28
Q93079,H2B,117,P17096,82
Q93079,H2B,109,P17096,82
Q93079,H2B,109,Q5JXX5,29
Q93079,H2B,117,P05204,18
Q93079,H2B,109,P05204,18
Q93079,H2B,47,P05204,18
Q93079,H2B,109,Q15843,6
Q99880,H2B,5,Q5HYL7,101
Q99880,H2B,5,Q9UGP5,8
Q99880,H2B,5,Q9BR39,647
Q99880,H2B,5,Q96JG9,1058
Q99880,H2B,5,Q9UKX7,368
Q99879,H2B,5,Q53EL6,115
Q99879,H2B,5,P25490,174
Q99879,H2B,5,Q5T0F9,9
Q99877,H2B,5,Q5HYL7,101
Q99877,H2B,5,Q9BR39,647
Q16778,H2B,5,P05204,11
Q16778,H2B,5,O75054,1000
Q16778,H2B,5,P46087,627
Q16778,H2B,5,Q15361,765
Q16778,H2B,5,Q5HYL7,101
Q16778,H2B,5,Q8N3X1,937
Q16778,H2B,5,Q9P281,2257
Q16778,H2B,5,Q9UPP5,555
Q16778,H2B,5,Q8WZ42,6917
Q16778,H2B,5,Q96ES7,291
Q16778,H2B,5,P48741,194
Q16778,H2B,5,O94874,658
Q16778,H2B,5,Q9UGP5,8
Q16778,H2B,5,Q03989,412
Q16778,H2B,5,P05204,59
Q16778,H2B,5,Q9BR39,647
Q16778,H2B,5,O14958,205
Q16778,H2B,5,Q96N64,436
Q16778,H2B,5,Q96N64,438
Q16778,H2B,5,Q13127,460
Q16778,H2B,5,Q13127,454
Q16778,H2B,5,P51790,110
Q16778,H2B,5,A4D1E9,81
Q16778,H2B,5,Q6PHW0,31
Q16778,H2B,5,Q53EL6,115
Q16778,H2B,5,Q5T0F9,9
Q16778,H2B,5,Q68DE3,33
Q16778,H2B,5,Q9P2M1,6
Q16778,H2B,5,Q9UKX7,368
Q16778,H2B,5,Q96J77,113
Q16778,H2B,5,Q9BUD6,299
Q16778,H2B,5,O95425,1449
Q16778,H2B,5,Q562F6,105
Q16778,H2B,5,Q8TD16,404
Q16778,H2B,5,Q14764,299
Q16778,H2B,5,P02545,135
Q16778,H2B,5,P17096,15
Q16778,H2B,5,P05204,82
Q16778,H2B,5,P02545,270
Q16778,H2B,5,Q14919,3
Q16778,H2B,5,P17096,18
Q16778,H2B,5,Q8WYJ6,186
Q16778,H2B,5,Q6P2Q9,705
Q16778,H2B,5,Q9UKZ4,1775
Q16778,H2B,5,Q8IYW2,2392
Q16778,H2B,5,Q8TBK6,76
Q16778,H2B,5,Q14680,450
P57053,H2B,121,P05204,11
P57053,H2B,121,P62750,3
P57053,H2B,121,Q9NVQ4,158
P57053,H2B,121,P05204,14
P57053,H2B,121,P62987,48
P57053,H2B,121,Q15651,13
P57053,H2B,121,P17096,15
P57053,H2B,121,P17096,82
P57053,H2B,121,P05204,18
P57053,H2B,121,P05114,14
P57053,H2B,121,Q15651,17
P57053,H2B,121,P17096,23
P57053,H2B,121,P05114,18
P57053,H2B,121,P23560,201
P57053,H2B,121,A0FGR9,669
P57053,H2B,121,Q9H159,211
P57053,H2B,121,Q6PHW0,31
P57053,H2B,121,Q53EL6,115
P57053,H2B,121,Q68DD2,332
P57053,H2B,121,Q96KJ9,170
P57053,H2B,121,Q92622,765
P57053,H2B,121,Q9BUD6,299
P57053,H2B,121,P41220,131
P57053,H2B,121,Q14764,299
P57053,H2B,121,Q6P2Q9,705
P57053,H2B,121,Q8WZ42,33118
P57053,H2B,121,O14662,188
P57053,H2B,121,Q8N108,477
P57053,H2B,121,Q9BW71,283
P57053,H2B,121,Q8IZF2,1043
P57053,H2B,121,Q96N64,496
Q16695,H3,15,Q92576,957
Q16695,H3,28,P46087,627
Q16695,H3,80,Q9Y520,1540
Q16695,H3,80,P02549,1809
Q16695,H3,80,Q8IVF4,2560
Q16695,H3,80,P48741,194
Q16695,H3,80,Q15149,4584
Q16695,H3,80,P25490,174
Q16695,H3,28,Q6IN85,561
Q16695,H3,80,Q68DE3,33
Q16695,H3,28,Q96J77,108
Q16695,H3,19,P05204,76
Q16695,H3,19,Q9BR39,647
Q16695,H3,19,P62987,48
Q16695,H3,19,Q8TD16,404
Q16695,H3,19,P17096,15
Q16695,H3,19,P17096,18
Q16695,H3,19,P05204,82
Q16695,H3,19,P62987,63
Q16695,H3,15,Q68DD2,332
Q16695,H3,80,P04275,1335
Q16695,H3,28,P17096,15
Q16695,H3,28,P05204,82
Q16695,H3,28,Q14739,42
Q16695,H3,28,O14727,779
Q16695,H3,10,P05204,82
Q16695,H3,80,P52948,1749
Q16695,H3,15,Q9UKX7,368
Q16695,H3,57,Q96BJ8,528
Q16695,H3,4,Q8TD16,404
Q16695,H3,15,Q8TD16,404
Q16695,H3,57,Q8N6M0,42
Q16695,H3,123,Q8NE71,218
Q16695,H3,80,P11532,2628
Q16695,H3,80,P11388,101
Q16695,H3,80,Q32M45,305
Q16695,H3,28,Q7Z7G8,121
Q16695,H3,5,P05204,64
Q16695,H3,5,Q9BR39,647
Q16695,H3,5,P17096,74
Q16695,H3,5,P62987,48
Q16695,H3,5,Q8TD16,404
Q16695,H3,5,P17096,15
Q16695,H3,5,P05204,82
Q16695,H3,5,P45973,42
Q16695,H3,80,P62826,28
Q16695,H3,57,P49959,480
Q71DI3,H3,24,P46087,627
Q71DI3,H3,24,Q9P1P4,243
Q71DI3,H3,24,Q8TD16,404
Q71DI3,H3,24,P17096,15
Q71DI3,H3,24,P05204,82
Q71DI3,H3,24,O94933,334
P84243,H3,28,O60673,1158
P62805,H4,21,O75054,1000
P62805,H4,78,P45973,84
P62805,H4,21,P48741,194
P62805,H4,17,P62826,37
P62805,H4,17,P05204,82
P62805,H4,17,P62987,63
P62805,H4,17,P17096,82
P62805,H4,9,Q9BR39,647
P62805,H4,9,P17096,88
P62805,H4,9,P62987,48
P62805,H4,9,P05204,82
P62805,H4,9,P62987,63
P62805,H4,13,P05204,82
P62805,H4,13,Q86Y22,510
P62805,H4,78,P25490,174
P62805,H4,32,P25490,174
P62805,H4,21,P25490,174
P62805,H4,78,Q68DE3,33
P62805,H4,32,Q68DE3,33
P62805,H4,21,Q68DE3,33
P62805,H4,32,P04275,1335
P62805,H4,32,O95425,614
P62805,H4,21,O95425,614
