InteractionID,UniprotID_A,UniprotName_A,type A,GeneName_A,UniprotID_B,UniprotName_B,GeneName_B,ExpEvidences,Methods,Publications,3DStructures,CurationEvents,organism
1352134,P02281,H2B11_XENLA,H2B,,P25171,RCC1_DROME,Rcc1,2,2,1,0,3,Xenopus laevis
1758976,P02281,H2B11_XENLA,H2B,,P06701,SIR3_YEAST,SIR3,2,1,2,0,4,Xenopus laevis
1759026,P06897,H2A1_XENLA,H2A,,P05759,RS31_YEAST,RPS31,3,3,1,0,4,Xenopus laevis
1759027,P06897,H2A1_XENLA,H2A,,P53165,SGF73_YEAST,SGF73,3,3,1,0,4,Xenopus laevis
1759028,P06897,H2A1_XENLA,H2A,,Q03067,SGF11_YEAST,SGF11,3,3,1,0,4,Xenopus laevis
1759029,P06897,H2A1_XENLA,H2A,,Q6WNK7,SUS1_YEAST,SUS1,3,3,1,0,4,Xenopus laevis
1759030,P06897,H2A1_XENLA,H2A,,P50102,UBP8_YEAST,UBP8,3,3,1,0,4,Xenopus laevis
1424562,P62799,H4_XENLA,H4,,Q16576,RBBP7_HUMAN,RBBP7,2,2,1,0,3,Xenopus laevis
2260884,Q92133,Q92133_XENLA,H3,hist1h3g,P13864,DNMT1_MOUSE,Dnmt1,2,2,1,0,3,Xenopus laevis
1961308,Q02539,H11_HUMAN,H1,HIST1H1A,P23437,CDK2_XENLA,cdk2,2,1,2,0,2,Xenopus laevis
1758988,P02281,H2B11_XENLA,H2B,,P32657,CHD1_YEAST,CHD1,2,2,1,0,2,Xenopus laevis
2317649,P02281,H2B11_XENLA,H2B,,P25293,NAP1_YEAST,NAP1,4,3,3,0,4,Xenopus laevis
2348902,P02281,H2B11_XENLA,H2B,,P22082,SNF2_YEAST,SNF2,1,1,1,0,1,Xenopus laevis
2348897,P06897,H2A1_XENLA,H2A,,P25293,NAP1_YEAST,NAP1,2,2,1,0,2,Xenopus laevis
1419591,P62799,H4_XENLA,H4,,Q9Y294,ASF1A_HUMAN,ASF1A,5,4,2,1,7,Xenopus laevis
1758990,P62799,H4_XENLA,H4,,P32657,CHD1_YEAST,CHD1,2,2,1,0,2,Xenopus laevis
1759025,P62799,H4_XENLA,H4,,P32447,ASF1_YEAST,ASF1,3,2,3,3,6,Xenopus laevis
1988268,P62799,H4_XENLA,H4,,Q09028,RBBP4_HUMAN,RBBP4,2,2,1,0,2,Xenopus laevis
2327900,P62799,H4_XENLA,H4,,P06701,SIR3_YEAST,SIR3,2,1,2,0,2,Xenopus laevis
2348900,P62799,H4_XENLA,H4,,P22082,SNF2_YEAST,SNF2,1,1,1,0,1,Xenopus laevis
1419590,P84233,H32_XENLA,H3,,Q9Y294,ASF1A_HUMAN,ASF1A,4,4,1,1,6,Xenopus laevis
1758991,P84233,H32_XENLA,H3,,P32657,CHD1_YEAST,CHD1,2,2,1,0,2,Xenopus laevis
1759024,P84233,H32_XENLA,H3,,P32447,ASF1_YEAST,ASF1,3,2,3,1,6,Xenopus laevis
2327899,P84233,H32_XENLA,H3,,P06701,SIR3_YEAST,SIR3,2,1,2,0,2,Xenopus laevis
2348899,P84233,H32_XENLA,H3,,P22082,SNF2_YEAST,SNF2,1,1,1,0,1,Xenopus laevis
2370617,P84233,H32_XENLA,H3,,O60016,CLR4_SCHPO,clr4,2,2,1,0,2,Xenopus laevis
1758989,Q6AZJ8,Q6AZJ8_XENLA,H2A,hist1h2aj,P32657,CHD1_YEAST,CHD1,2,2,1,0,2,Xenopus laevis
2336049,Q6AZJ8,Q6AZJ8_XENLA,H2A,hist1h2aj,P06701,SIR3_YEAST,SIR3,1,1,1,0,1,Xenopus laevis
2348901,Q6AZJ8,Q6AZJ8_XENLA,H2A,hist1h2aj,P22082,SNF2_YEAST,SNF2,1,1,1,0,1,Xenopus laevis
2327901,Q6DKE3,Q6DKE3_XENLA,H2A,hist1h2aa,P06701,SIR3_YEAST,SIR3,1,1,1,0,1,Xenopus laevis
1988267,Q92133,Q92133_XENLA,H3,hist1h3g,Q09028,RBBP4_HUMAN,RBBP4,2,2,1,0,2,Xenopus laevis
2315973,Q92133,Q92133_XENLA,H3,hist1h3g,P32447,ASF1_YEAST,ASF1,2,2,1,1,2,Xenopus laevis
2317539,Q92133,Q92133_XENLA,H3,hist1h3g,Q07794,RT109_YEAST,RTT109,2,1,2,0,2,Xenopus laevis
1424562,P62799,H4_XENLA,H4,,Q16576,RBBP7_HUMAN,RBBP7,2,2,1,0,3,HUMAN
1988267,Q92133,Q92133_XENLA,H3,hist1h3g,Q09028,RBBP4_HUMAN,RBBP4,2,2,1,0,2,HUMAN
1988268,P62799,H4_XENLA,H4,,Q09028,RBBP4_HUMAN,RBBP4,2,2,1,0,2,HUMAN
1419590,P84233,H32_XENLA,H3,,Q9Y294,ASF1A_HUMAN,ASF1A,4,4,1,1,6,HUMAN
1419591,P62799,H4_XENLA,H4,,Q9Y294,ASF1A_HUMAN,ASF1A,5,4,2,1,7,HUMAN
1759026,P06897,H2A1_XENLA,H2A,,P05759,RS31_YEAST,RPS31,3,3,1,0,4,Saccharomyces cerevisiae S288C
1758976,P02281,H2B11_XENLA,H2B,,P06701,SIR3_YEAST,SIR3,2,1,2,0,4,Saccharomyces cerevisiae S288C
1759030,P06897,H2A1_XENLA,H2A,,P50102,UBP8_YEAST,UBP8,3,3,1,0,4,Saccharomyces cerevisiae S288C
1759027,P06897,H2A1_XENLA,H2A,,P53165,SGF73_YEAST,SGF73,3,3,1,0,4,Saccharomyces cerevisiae S288C
1759028,P06897,H2A1_XENLA,H2A,,Q03067,SGF11_YEAST,SGF11,3,3,1,0,4,Saccharomyces cerevisiae S288C
1759029,P06897,H2A1_XENLA,H2A,,Q6WNK7,SUS1_YEAST,SUS1,3,3,1,0,4,Saccharomyces cerevisiae S288C
2327899,P84233,H32_XENLA,H3,,P06701,SIR3_YEAST,SIR3,2,1,2,0,2,Saccharomyces cerevisiae S288C
2327900,P62799,H4_XENLA,H4,,P06701,SIR3_YEAST,SIR3,2,1,2,0,2,Saccharomyces cerevisiae S288C
2327901,Q6DKE3,Q6DKE3_XENLA,H2A,hist1h2aa,P06701,SIR3_YEAST,SIR3,1,1,1,0,1,Saccharomyces cerevisiae S288C
2336049,Q6AZJ8,Q6AZJ8_XENLA,H2A,hist1h2aj,P06701,SIR3_YEAST,SIR3,1,1,1,0,1,Saccharomyces cerevisiae S288C
2348899,P84233,H32_XENLA,H3,,P22082,SNF2_YEAST,SNF2,1,1,1,0,1,Saccharomyces cerevisiae S288C
2348900,P62799,H4_XENLA,H4,,P22082,SNF2_YEAST,SNF2,1,1,1,0,1,Saccharomyces cerevisiae S288C
2348901,Q6AZJ8,Q6AZJ8_XENLA,H2A,hist1h2aj,P22082,SNF2_YEAST,SNF2,1,1,1,0,1,Saccharomyces cerevisiae S288C
2348902,P02281,H2B11_XENLA,H2B,,P22082,SNF2_YEAST,SNF2,1,1,1,0,1,Saccharomyces cerevisiae S288C
2317649,P02281,H2B11_XENLA,H2B,,P25293,NAP1_YEAST,NAP1,4,3,3,0,4,Saccharomyces cerevisiae S288C
2348897,P06897,H2A1_XENLA,H2A,,P25293,NAP1_YEAST,NAP1,2,2,1,0,2,Saccharomyces cerevisiae S288C
1759024,P84233,H32_XENLA,H3,,P32447,ASF1_YEAST,ASF1,3,2,3,1,6,Saccharomyces cerevisiae S288C
1759025,P62799,H4_XENLA,H4,,P32447,ASF1_YEAST,ASF1,3,2,3,3,6,Saccharomyces cerevisiae S288C
2315973,Q92133,Q92133_XENLA,H3,hist1h3g,P32447,ASF1_YEAST,ASF1,2,2,1,1,2,Saccharomyces cerevisiae S288C
1758988,P02281,H2B11_XENLA,H2B,,P32657,CHD1_YEAST,CHD1,2,2,1,0,2,Saccharomyces cerevisiae S288C
1758989,Q6AZJ8,Q6AZJ8_XENLA,H2A,hist1h2aj,P32657,CHD1_YEAST,CHD1,2,2,1,0,2,Saccharomyces cerevisiae S288C
1758990,P62799,H4_XENLA,H4,,P32657,CHD1_YEAST,CHD1,2,2,1,0,2,Saccharomyces cerevisiae S288C
1758991,P84233,H32_XENLA,H3,,P32657,CHD1_YEAST,CHD1,2,2,1,0,2,Saccharomyces cerevisiae S288C
2317539,Q92133,Q92133_XENLA,H3,hist1h3g,Q07794,RT109_YEAST,RTT109,2,1,2,0,2,Saccharomyces cerevisiae S288C
