InteractionID,UniprotID_A,UniprotName_A,type A,GeneName_A,UniprotID_B,UniprotName_B,GeneName_B,ExpEvidences,Methods,Publications,3DStructures,CurationEvents,organism
1455132,P02293,H2B1_YEAST,H2B,HTB1,P34218,SAS3_YEAST,SAS3,4,2,3,0,4,Saccharomyces cerevisiae S288C
1455133,P02293,H2B1_YEAST,H2B,HTB1,P40154,IES2_YEAST,IES2,3,3,3,0,4,Saccharomyces cerevisiae S288C
1455134,P02293,H2B1_YEAST,H2B,HTB1,Q12386,ARP8_YEAST,ARP8,3,2,3,0,3,Saccharomyces cerevisiae S288C
1455136,P02293,H2B1_YEAST,H2B,HTB1,Q02457,TBF1_YEAST,TBF1,3,2,2,0,3,Saccharomyces cerevisiae S288C
1455139,P02293,H2B1_YEAST,H2B,HTB1,P53040,TAF6_YEAST,TAF6,2,1,2,0,2,Saccharomyces cerevisiae S288C
1455144,P02293,H2B1_YEAST,H2B,HTB1,P06700,SIR2_YEAST,SIR2,3,2,3,0,3,Saccharomyces cerevisiae S288C
1455146,P02293,H2B1_YEAST,H2B,HTB1,P34162,MED20_YEAST,SRB2,2,2,2,0,2,Saccharomyces cerevisiae S288C
1455147,P02293,H2B1_YEAST,H2B,HTB1,Q08773,ISW2_YEAST,ISW2,3,2,2,0,3,Saccharomyces cerevisiae S288C
1455150,P02293,H2B1_YEAST,H2B,HTB1,P40055,UTP7_YEAST,UTP7,3,3,2,0,4,Saccharomyces cerevisiae S288C
1455154,P02293,H2B1_YEAST,H2B,HTB1,P32657,CHD1_YEAST,CHD1,2,2,2,0,2,Saccharomyces cerevisiae S288C
1455157,P02293,H2B1_YEAST,H2B,HTB1,P46677,TAF1_YEAST,TAF1,2,2,2,0,2,Saccharomyces cerevisiae S288C
1455162,P02293,H2B1_YEAST,H2B,HTB1,P38806,YNG2_YEAST,YNG2,2,2,2,0,2,Saccharomyces cerevisiae S288C
1455164,P02293,H2B1_YEAST,H2B,HTB1,P13393,TBP_YEAST,SPT15,2,2,2,0,2,Saccharomyces cerevisiae S288C
1455166,P02293,H2B1_YEAST,H2B,HTB1,P31244,RAD16_YEAST,RAD16,2,2,2,0,2,Saccharomyces cerevisiae S288C
1455167,P02293,H2B1_YEAST,H2B,HTB1,P47037,SMC3_YEAST,SMC3,2,2,2,0,2,Saccharomyces cerevisiae S288C
1455176,P02293,H2B1_YEAST,H2B,HTB1,P32591,SWI3_YEAST,SWI3,2,2,2,0,2,Saccharomyces cerevisiae S288C
1455177,P02293,H2B1_YEAST,H2B,HTB1,P32333,MOT1_YEAST,MOT1,3,2,2,0,3,Saccharomyces cerevisiae S288C
1455178,P02293,H2B1_YEAST,H2B,HTB1,P32597,STH1_YEAST,STH1,5,5,2,0,6,Saccharomyces cerevisiae S288C
1455180,P02293,H2B1_YEAST,H2B,HTB1,P54784,ORC1_YEAST,ORC1,2,2,2,0,2,Saccharomyces cerevisiae S288C
1455191,P02293,H2B1_YEAST,H2B,HTB1,Q06488,RSC2_YEAST,RSC2,3,3,2,0,4,Saccharomyces cerevisiae S288C
1455193,P02293,H2B1_YEAST,H2B,HTB1,P19454,CSK22_YEAST,CKA2,2,2,2,0,2,Saccharomyces cerevisiae S288C
1455202,P02293,H2B1_YEAST,H2B,HTB1,P80428,ARP4_YEAST,ARP4,3,3,2,0,4,Saccharomyces cerevisiae S288C
1455204,P02293,H2B1_YEAST,H2B,HTB1,Q04636,POB3_YEAST,POB3,8,4,6,0,10,Saccharomyces cerevisiae S288C
1455207,P02293,H2B1_YEAST,H2B,HTB1,P25651,CSM1_YEAST,CSM1,2,2,2,0,2,Saccharomyces cerevisiae S288C
1455214,P02293,H2B1_YEAST,H2B,HTB1,P53946,ARP5_YEAST,ARP5,3,3,3,0,4,Saccharomyces cerevisiae S288C
1455219,P02293,H2B1_YEAST,H2B,HTB1,P38144,ISW1_YEAST,ISW1,4,2,3,0,4,Saccharomyces cerevisiae S288C
1455220,P02293,H2B1_YEAST,H2B,HTB1,P40340,TBP7_YEAST,YTA7,2,2,2,0,2,Saccharomyces cerevisiae S288C
1455224,P02293,H2B1_YEAST,H2B,HTB1,Q12510,CMR1_YEAST,CMR1,2,2,2,0,2,Saccharomyces cerevisiae S288C
1455228,P02293,H2B1_YEAST,H2B,HTB1,Q03940,RUVB1_YEAST,RVB1,2,2,2,0,2,Saccharomyces cerevisiae S288C
1455230,P02293,H2B1_YEAST,H2B,HTB1,O13329,FOB1_YEAST,FOB1,2,2,2,0,2,Saccharomyces cerevisiae S288C
1455232,P02293,H2B1_YEAST,H2B,HTB1,Q08649,ESA1_YEAST,ESA1,3,3,3,0,3,Saccharomyces cerevisiae S288C
1455239,P02293,H2B1_YEAST,H2B,HTB1,P29469,MCM2_YEAST,MCM2,3,3,2,0,4,Saccharomyces cerevisiae S288C
1455240,P02293,H2B1_YEAST,H2B,HTB1,P43639,CSK2B_YEAST,CKB1,2,2,2,0,2,Saccharomyces cerevisiae S288C
1455241,P02293,H2B1_YEAST,H2B,HTB1,P53115,INO80_YEAST,INO80,5,3,5,0,6,Saccharomyces cerevisiae S288C
1455242,P02293,H2B1_YEAST,H2B,HTB1,P53125,ITC1_YEAST,ITC1,3,2,2,0,3,Saccharomyces cerevisiae S288C
1455243,P02293,H2B1_YEAST,H2B,HTB1,Q03330,GCN5_YEAST,GCN5,2,2,2,0,2,Saccharomyces cerevisiae S288C
1455246,P02293,H2B1_YEAST,H2B,HTB1,Q06188,YL455_YEAST,YLR455W,3,2,2,0,4,Saccharomyces cerevisiae S288C
1455252,P02293,H2B1_YEAST,H2B,HTB1,P43596,IOC3_YEAST,IOC3,3,2,2,0,3,Saccharomyces cerevisiae S288C
1455253,P02293,H2B1_YEAST,H2B,HTB1,P35817,BDF1_YEAST,BDF1,2,2,2,0,2,Saccharomyces cerevisiae S288C
1455254,P02293,H2B1_YEAST,H2B,HTB1,P35189,TAF14_YEAST,TAF14,2,2,2,0,2,Saccharomyces cerevisiae S288C
1455255,P02293,H2B1_YEAST,H2B,HTB1,Q05471,SWR1_YEAST,SWR1,4,3,4,1,5,Saccharomyces cerevisiae S288C
1455258,P02293,H2B1_YEAST,H2B,HTB1,Q06639,RSC3_YEAST,RSC3,3,3,2,0,5,Saccharomyces cerevisiae S288C
1455262,P02293,H2B1_YEAST,H2B,HTB1,P18480,SNF5_YEAST,SNF5,4,4,3,0,4,Saccharomyces cerevisiae S288C
1455265,P02293,H2B1_YEAST,H2B,HTB1,Q12464,RUVB2_YEAST,RVB2,2,2,2,0,2,Saccharomyces cerevisiae S288C
1455278,P02293,H2B1_YEAST,H2B,HTB1,P38911,FKBP3_YEAST,FPR3,2,2,2,0,2,Saccharomyces cerevisiae S288C
1455281,P02293,H2B1_YEAST,H2B,HTB1,P32774,T2AG_YEAST,TOA2,2,2,2,0,2,Saccharomyces cerevisiae S288C
1455287,P02293,H2B1_YEAST,H2B,HTB1,P43572,EPL1_YEAST,EPL1,3,3,3,0,3,Saccharomyces cerevisiae S288C
1455294,P02293,H2B1_YEAST,H2B,HTB1,P29056,TF3B_YEAST,BRF1,2,2,2,0,2,Saccharomyces cerevisiae S288C
1455297,P02293,H2B1_YEAST,H2B,HTB1,P32558,SPT16_YEAST,SPT16,11,3,9,0,17,Saccharomyces cerevisiae S288C
1455300,P02293,H2B1_YEAST,H2B,HTB1,Q12345,IES3_YEAST,IES3,2,2,2,0,2,Saccharomyces cerevisiae S288C
1455301,P02293,H2B1_YEAST,H2B,HTB1,P60010,ACT_YEAST,ACT1,4,3,4,0,7,Saccharomyces cerevisiae S288C
1455306,P02293,H2B1_YEAST,H2B,HTB1,Q12161,PSH1_YEAST,PSH1,6,3,5,0,7,Saccharomyces cerevisiae S288C
1455312,P02293,H2B1_YEAST,H2B,HTB1,P06701,SIR3_YEAST,SIR3,5,3,4,0,5,Saccharomyces cerevisiae S288C
1455314,P02293,H2B1_YEAST,H2B,HTB1,P11938,RAP1_YEAST,RAP1,2,1,2,0,2,Saccharomyces cerevisiae S288C
1775371,P02293,H2B1_YEAST,H2B,HTB1,P02829,HSP82_YEAST,HSP82,2,3,2,0,3,Saccharomyces cerevisiae S288C
1776901,P02293,H2B1_YEAST,H2B,HTB1,P32589,HSP7F_YEAST,SSE1,2,1,2,0,2,Saccharomyces cerevisiae S288C
1776904,P02293,H2B1_YEAST,H2B,HTB1,P0CS90,HSP77_YEAST,SSC1,3,2,3,0,3,Saccharomyces cerevisiae S288C
1776905,P02293,H2B1_YEAST,H2B,HTB1,P11484,SSB1_YEAST,SSB1,2,1,2,0,2,Saccharomyces cerevisiae S288C
1776906,P02293,H2B1_YEAST,H2B,HTB1,P10592,HSP72_YEAST,SSA2,2,1,2,0,2,Saccharomyces cerevisiae S288C
1776907,P02293,H2B1_YEAST,H2B,HTB1,Q05022,RRP5_YEAST,RRP5,2,2,2,0,2,Saccharomyces cerevisiae S288C
1776908,P02293,H2B1_YEAST,H2B,HTB1,P0CX35,RS4A_YEAST,RPS4A,2,3,1,0,3,Saccharomyces cerevisiae S288C
1776912,P02293,H2B1_YEAST,H2B,HTB1,P04051,RPC1_YEAST,RPO31,3,2,2,0,3,Saccharomyces cerevisiae S288C
1776915,P02293,H2B1_YEAST,H2B,HTB1,P04147,PABP_YEAST,PAB1,2,2,2,0,2,Saccharomyces cerevisiae S288C
1776916,P02293,H2B1_YEAST,H2B,HTB1,P25293,NAP1_YEAST,NAP1,8,2,6,0,23,Saccharomyces cerevisiae S288C
1776918,P02293,H2B1_YEAST,H2B,HTB1,P53067,IMB5_YEAST,KAP114,9,3,6,0,15,Saccharomyces cerevisiae S288C
1776919,P02293,H2B1_YEAST,H2B,HTB1,P48582,BRO1_YEAST,BRO1,2,2,1,0,2,Saccharomyces cerevisiae S288C
1776920,P02293,H2B1_YEAST,H2B,HTB1,P21576,VPS1_YEAST,VPS1,2,2,1,0,2,Saccharomyces cerevisiae S288C
1829880,P02293,H2B1_YEAST,H2B,HTB1,P32807,KU70_YEAST,YKU70,3,2,2,0,3,Saccharomyces cerevisiae S288C
2307328,P02293,H2B1_YEAST,H2B,HTB1,P32337,IMB3_YEAST,PSE1,2,2,2,0,3,Saccharomyces cerevisiae S288C
2329381,P02293,H2B1_YEAST,H2B,HTB1,P22276,RPC2_YEAST,RET1,2,1,2,0,2,Saccharomyces cerevisiae S288C
1776732,P02294,H2B2_YEAST,H2B,HTB2,P53067,IMB5_YEAST,KAP114,7,2,5,0,13,Saccharomyces cerevisiae S288C
1776733,P02294,H2B2_YEAST,H2B,HTB2,Q08773,ISW2_YEAST,ISW2,3,2,2,0,3,Saccharomyces cerevisiae S288C
1776734,P02294,H2B2_YEAST,H2B,HTB2,P38144,ISW1_YEAST,ISW1,4,2,3,0,4,Saccharomyces cerevisiae S288C
1776735,P02294,H2B2_YEAST,H2B,HTB2,Q04603,DPB4_YEAST,DPB4,3,2,2,0,3,Saccharomyces cerevisiae S288C
1776736,P02294,H2B2_YEAST,H2B,HTB2,P24482,DPB2_YEAST,DPB2,3,2,2,0,4,Saccharomyces cerevisiae S288C
1776737,P02294,H2B2_YEAST,H2B,HTB2,P21576,VPS1_YEAST,VPS1,3,2,2,0,3,Saccharomyces cerevisiae S288C
1776738,P02294,H2B2_YEAST,H2B,HTB2,P04786,TOP1_YEAST,TOP1,3,2,2,0,3,Saccharomyces cerevisiae S288C
1776740,P02294,H2B2_YEAST,H2B,HTB2,P32597,STH1_YEAST,STH1,3,2,2,0,3,Saccharomyces cerevisiae S288C
1776741,P02294,H2B2_YEAST,H2B,HTB2,P11484,SSB1_YEAST,SSB1,3,2,2,0,5,Saccharomyces cerevisiae S288C
1776742,P02294,H2B2_YEAST,H2B,HTB2,P10592,HSP72_YEAST,SSA2,2,1,2,0,2,Saccharomyces cerevisiae S288C
1776743,P02294,H2B2_YEAST,H2B,HTB2,Q05022,RRP5_YEAST,RRP5,2,2,2,0,2,Saccharomyces cerevisiae S288C
1776745,P02294,H2B2_YEAST,H2B,HTB2,P04051,RPC1_YEAST,RPO31,4,2,3,0,4,Saccharomyces cerevisiae S288C
1776751,P02294,H2B2_YEAST,H2B,HTB2,P32349,RPC3_YEAST,RPC82,5,2,4,0,5,Saccharomyces cerevisiae S288C
1776752,P02294,H2B2_YEAST,H2B,HTB2,P22138,RPA2_YEAST,RPA135,3,2,2,0,3,Saccharomyces cerevisiae S288C
1776753,P02294,H2B2_YEAST,H2B,HTB2,P22276,RPC2_YEAST,RET1,5,2,4,0,5,Saccharomyces cerevisiae S288C
1776754,P02294,H2B2_YEAST,H2B,HTB2,Q04373,PUF6_YEAST,PUF6,3,2,2,0,3,Saccharomyces cerevisiae S288C
1776755,P02294,H2B2_YEAST,H2B,HTB2,P21951,DPOE_YEAST,POL2,4,2,3,0,4,Saccharomyces cerevisiae S288C
1776757,P02294,H2B2_YEAST,H2B,HTB2,P32832,RSC7_YEAST,NPL6,3,2,2,0,3,Saccharomyces cerevisiae S288C
1776758,P02294,H2B2_YEAST,H2B,HTB2,P25293,NAP1_YEAST,NAP1,10,4,7,0,32,Saccharomyces cerevisiae S288C
1776759,P02294,H2B2_YEAST,H2B,HTB2,P32333,MOT1_YEAST,MOT1,3,2,2,0,3,Saccharomyces cerevisiae S288C
1829781,P02294,H2B2_YEAST,H2B,HTB2,Q12341,HAT1_YEAST,HAT1,2,2,1,0,7,Saccharomyces cerevisiae S288C
1829882,P02294,H2B2_YEAST,H2B,HTB2,Q04636,POB3_YEAST,POB3,2,2,1,0,6,Saccharomyces cerevisiae S288C
1829884,P02294,H2B2_YEAST,H2B,HTB2,P22336,RFA1_YEAST,RFA1,4,2,3,0,7,Saccharomyces cerevisiae S288C
1829887,P02294,H2B2_YEAST,H2B,HTB2,P06786,TOP2_YEAST,TOP2,2,2,1,0,4,Saccharomyces cerevisiae S288C
1830535,P02294,H2B2_YEAST,H2B,HTB2,P25361,YCT3_YEAST,YCR043C,2,2,1,0,2,Saccharomyces cerevisiae S288C
1830676,P02294,H2B2_YEAST,H2B,HTB2,P27705,MIG1_YEAST,MIG1,2,2,1,0,2,Saccharomyces cerevisiae S288C
1830713,P02294,H2B2_YEAST,H2B,HTB2,Q06164,MMS22_YEAST,MMS22,3,2,2,0,3,Saccharomyces cerevisiae S288C
1830901,P02294,H2B2_YEAST,H2B,HTB2,P32833,ORC2_YEAST,ORC2,2,2,1,0,3,Saccharomyces cerevisiae S288C
1830908,P02294,H2B2_YEAST,H2B,HTB2,P38826,ORC6_YEAST,ORC6,2,2,1,0,3,Saccharomyces cerevisiae S288C
1831115,P02294,H2B2_YEAST,H2B,HTB2,P53330,RT102_YEAST,RTT102,2,2,1,0,2,Saccharomyces cerevisiae S288C
1831203,P02294,H2B2_YEAST,H2B,HTB2,P40509,COPE_YEAST,SEC28,2,2,1,0,3,Saccharomyces cerevisiae S288C
1831253,P02294,H2B2_YEAST,H2B,HTB2,P23293,BUR1_YEAST,SGV1,2,2,1,0,2,Saccharomyces cerevisiae S288C
1831436,P02294,H2B2_YEAST,H2B,HTB2,P32345,PP4C_YEAST,PPH3,3,2,2,0,4,Saccharomyces cerevisiae S288C
1831919,P02294,H2B2_YEAST,H2B,HTB2,P11353,HEM6_YEAST,HEM13,2,2,1,0,2,Saccharomyces cerevisiae S288C
1454776,P02309,H4_YEAST,H4,HHF2,P32597,STH1_YEAST,STH1,7,5,4,0,10,Saccharomyces cerevisiae S288C
1454779,P02309,H4_YEAST,H4,HHF2,Q08773,ISW2_YEAST,ISW2,5,3,5,0,8,Saccharomyces cerevisiae S288C
1454781,P02309,H4_YEAST,H4,HHF2,P32833,ORC2_YEAST,ORC2,3,2,2,0,3,Saccharomyces cerevisiae S288C
1454782,P02309,H4_YEAST,H4,HHF2,P53236,RSC1_YEAST,RSC1,3,3,3,0,5,Saccharomyces cerevisiae S288C
1454783,P02309,H4_YEAST,H4,HHF2,P32479,HIR1_YEAST,HIR1,3,2,3,0,6,Saccharomyces cerevisiae S288C
1454784,P02309,H4_YEAST,H4,HHF2,Q03124,RSC9_YEAST,RSC9,3,3,3,0,5,Saccharomyces cerevisiae S288C
1454785,P02309,H4_YEAST,H4,HHF2,Q04636,POB3_YEAST,POB3,8,2,6,0,18,Saccharomyces cerevisiae S288C
1454788,P02309,H4_YEAST,H4,HHF2,P40161,RT106_YEAST,RTT106,13,4,9,0,25,Saccharomyces cerevisiae S288C
1454790,P02309,H4_YEAST,H4,HHF2,Q03940,RUVB1_YEAST,RVB1,4,2,3,0,4,Saccharomyces cerevisiae S288C
1454791,P02309,H4_YEAST,H4,HHF2,P32333,MOT1_YEAST,MOT1,6,2,5,0,7,Saccharomyces cerevisiae S288C
1454792,P02309,H4_YEAST,H4,HHF2,P40069,IMB4_YEAST,KAP123,7,3,5,0,12,Saccharomyces cerevisiae S288C
1454793,P02309,H4_YEAST,H4,HHF2,P53125,ITC1_YEAST,ITC1,4,3,4,0,6,Saccharomyces cerevisiae S288C
1454794,P02309,H4_YEAST,H4,HHF2,P29496,MCM5_YEAST,MCM5,3,2,3,0,4,Saccharomyces cerevisiae S288C
1454796,P02309,H4_YEAST,H4,HHF2,Q12341,HAT1_YEAST,HAT1,15,4,11,1,46,Saccharomyces cerevisiae S288C
1454797,P02309,H4_YEAST,H4,HHF2,P53115,INO80_YEAST,INO80,4,3,4,0,6,Saccharomyces cerevisiae S288C
1454799,P02309,H4_YEAST,H4,HHF2,P43596,IOC3_YEAST,IOC3,4,2,3,0,5,Saccharomyces cerevisiae S288C
1454800,P02309,H4_YEAST,H4,HHF2,Q12464,RUVB2_YEAST,RVB2,6,4,5,0,6,Saccharomyces cerevisiae S288C
1454801,P02309,H4_YEAST,H4,HHF2,Q03761,TAF12_YEAST,TAF12,2,1,2,0,2,Saccharomyces cerevisiae S288C
1454802,P02309,H4_YEAST,H4,HHF2,P38930,CSK2C_YEAST,CKB2,2,2,2,0,3,Saccharomyces cerevisiae S288C
1454803,P02309,H4_YEAST,H4,HHF2,P32591,SWI3_YEAST,SWI3,4,3,4,0,7,Saccharomyces cerevisiae S288C
1454806,P02309,H4_YEAST,H4,HHF2,Q05123,ARP9_YEAST,ARP9,3,4,4,0,6,Saccharomyces cerevisiae S288C
1454808,P02309,H4_YEAST,H4,HHF2,P38826,ORC6_YEAST,ORC6,3,2,2,0,3,Saccharomyces cerevisiae S288C
1454810,P02309,H4_YEAST,H4,HHF2,P43572,EPL1_YEAST,EPL1,5,2,4,0,6,Saccharomyces cerevisiae S288C
1454812,P02309,H4_YEAST,H4,HHF2,P53091,MCM6_YEAST,MCM6,2,1,2,0,2,Saccharomyces cerevisiae S288C
1454813,P02309,H4_YEAST,H4,HHF2,P18480,SNF5_YEAST,SNF5,2,2,2,0,3,Saccharomyces cerevisiae S288C
1454814,P02309,H4_YEAST,H4,HHF2,P19454,CSK22_YEAST,CKA2,3,3,3,0,5,Saccharomyces cerevisiae S288C
1454815,P02309,H4_YEAST,H4,HHF2,P53551,H1_YEAST,HHO1,2,2,2,0,3,Saccharomyces cerevisiae S288C
1454816,P02309,H4_YEAST,H4,HHF2,Q06488,RSC2_YEAST,RSC2,6,3,5,0,8,Saccharomyces cerevisiae S288C
1454817,P02309,H4_YEAST,H4,HHF2,P43639,CSK2B_YEAST,CKB1,6,2,4,0,7,Saccharomyces cerevisiae S288C
1454818,P02309,H4_YEAST,H4,HHF2,P15790,CSK21_YEAST,CKA1,7,4,5,0,10,Saccharomyces cerevisiae S288C
1454819,P02309,H4_YEAST,H4,HHF2,P50275,ASE1_YEAST,ASE1,2,2,2,0,3,Saccharomyces cerevisiae S288C
1454820,P02309,H4_YEAST,H4,HHF2,P54784,ORC1_YEAST,ORC1,5,2,4,0,9,Saccharomyces cerevisiae S288C
1454821,P02309,H4_YEAST,H4,HHF2,P39984,HAT2_YEAST,HAT2,11,3,9,1,28,Saccharomyces cerevisiae S288C
1454822,P02309,H4_YEAST,H4,HHF2,P47035,NET1_YEAST,NET1,2,2,2,0,3,Saccharomyces cerevisiae S288C
1454825,P02309,H4_YEAST,H4,HHF2,P34218,SAS3_YEAST,SAS3,3,2,2,0,4,Saccharomyces cerevisiae S288C
1454826,P02309,H4_YEAST,H4,HHF2,P32832,RSC7_YEAST,NPL6,3,3,3,0,5,Saccharomyces cerevisiae S288C
1454827,P02309,H4_YEAST,H4,HHF2,P11938,RAP1_YEAST,RAP1,3,2,3,0,5,Saccharomyces cerevisiae S288C
1454828,P02309,H4_YEAST,H4,HHF2,Q12072,IOC2_YEAST,IOC2,2,2,2,0,3,Saccharomyces cerevisiae S288C
1454829,P02309,H4_YEAST,H4,HHF2,Q06639,RSC3_YEAST,RSC3,6,3,4,0,11,Saccharomyces cerevisiae S288C
1454832,P02309,H4_YEAST,H4,HHF2,Q12432,EAF3_YEAST,EAF3,2,1,2,0,2,Saccharomyces cerevisiae S288C
1454833,P02309,H4_YEAST,H4,HHF2,P60010,ACT_YEAST,ACT1,4,4,4,0,11,Saccharomyces cerevisiae S288C
1454835,P02309,H4_YEAST,H4,HHF2,P32558,SPT16_YEAST,SPT16,10,4,8,0,28,Saccharomyces cerevisiae S288C
1454836,P02309,H4_YEAST,H4,HHF2,P54791,ORC4_YEAST,ORC4,2,2,2,0,3,Saccharomyces cerevisiae S288C
1454838,P02309,H4_YEAST,H4,HHF2,Q12386,ARP8_YEAST,ARP8,3,3,4,0,4,Saccharomyces cerevisiae S288C
1454839,P02309,H4_YEAST,H4,HHF2,P38144,ISW1_YEAST,ISW1,7,3,6,0,9,Saccharomyces cerevisiae S288C
1454841,P02309,H4_YEAST,H4,HHF2,Q12373,HIF1_YEAST,HIF1,14,6,12,0,41,Saccharomyces cerevisiae S288C
1454843,P02309,H4_YEAST,H4,HHF2,P80428,ARP4_YEAST,ARP4,5,5,3,0,5,Saccharomyces cerevisiae S288C
1454844,P02309,H4_YEAST,H4,HHF2,Q02206,RSC4_YEAST,RSC4,3,3,3,0,6,Saccharomyces cerevisiae S288C
1454845,P02309,H4_YEAST,H4,HHF2,P32657,CHD1_YEAST,CHD1,9,3,7,0,11,Saccharomyces cerevisiae S288C
1454846,P02309,H4_YEAST,H4,HHF2,Q12510,CMR1_YEAST,CMR1,5,3,3,0,7,Saccharomyces cerevisiae S288C
1454847,P02309,H4_YEAST,H4,HHF2,P38781,RSC30_YEAST,RSC30,3,3,3,0,5,Saccharomyces cerevisiae S288C
1454848,P02309,H4_YEAST,H4,HHF2,P43609,RSC8_YEAST,RSC8,6,3,5,0,8,Saccharomyces cerevisiae S288C
1454850,P02309,H4_YEAST,H4,HHF2,Q06337,EAF1_YEAST,EAF1,2,2,2,0,2,Saccharomyces cerevisiae S288C
1454851,P02309,H4_YEAST,H4,HHF2,P25632,RSC6_YEAST,RSC6,3,3,3,0,5,Saccharomyces cerevisiae S288C
1454852,P02309,H4_YEAST,H4,HHF2,Q12161,PSH1_YEAST,PSH1,12,3,8,0,29,Saccharomyces cerevisiae S288C
1454854,P02309,H4_YEAST,H4,HHF2,P32480,HIR2_YEAST,HIR2,3,3,3,0,3,Saccharomyces cerevisiae S288C
1454858,P02309,H4_YEAST,H4,HHF2,Q07979,RSC58_YEAST,RSC58,3,3,3,0,6,Saccharomyces cerevisiae S288C
1454859,P02309,H4_YEAST,H4,HHF2,P29469,MCM2_YEAST,MCM2,2,2,2,0,5,Saccharomyces cerevisiae S288C
1454860,P02309,H4_YEAST,H4,HHF2,P40340,TBP7_YEAST,YTA7,3,2,3,0,5,Saccharomyces cerevisiae S288C
1454861,P02309,H4_YEAST,H4,HHF2,P32481,IF2G_YEAST,GCD11,3,2,3,0,4,Saccharomyces cerevisiae S288C
1786282,P02309,H4_YEAST,H4,HHF2,P05750,RS3_YEAST,RPS3,2,2,1,0,2,Saccharomyces cerevisiae S288C
1786283,P02309,H4_YEAST,H4,HHF2,P53037,PSD2_YEAST,PSD2,4,2,2,0,4,Saccharomyces cerevisiae S288C
1786284,P02309,H4_YEAST,H4,HHF2,P41805,RL10_YEAST,RPL10,2,2,1,0,2,Saccharomyces cerevisiae S288C
1786285,P02309,H4_YEAST,H4,HHF2,P07703,RPAC1_YEAST,RPC40,4,2,3,0,5,Saccharomyces cerevisiae S288C
1786286,P02309,H4_YEAST,H4,HHF2,P22138,RPA2_YEAST,RPA135,5,3,3,0,7,Saccharomyces cerevisiae S288C
1786287,P02309,H4_YEAST,H4,HHF2,P32337,IMB3_YEAST,PSE1,8,4,6,0,12,Saccharomyces cerevisiae S288C
1786288,P02309,H4_YEAST,H4,HHF2,P32264,PROB_YEAST,PRO1,4,2,2,0,5,Saccharomyces cerevisiae S288C
1786289,P02309,H4_YEAST,H4,HHF2,P16861,PFKA1_YEAST,PFK1,3,2,2,0,3,Saccharomyces cerevisiae S288C
1786290,P02309,H4_YEAST,H4,HHF2,P04147,PABP_YEAST,PAB1,2,2,2,0,2,Saccharomyces cerevisiae S288C
1786291,P02309,H4_YEAST,H4,HHF2,P46970,NMD5_YEAST,NMD5,4,2,2,0,4,Saccharomyces cerevisiae S288C
1786292,P02309,H4_YEAST,H4,HHF2,P21339,MSB1_YEAST,MSB1,3,2,2,0,3,Saccharomyces cerevisiae S288C
1786293,P02309,H4_YEAST,H4,HHF2,P09440,C1TM_YEAST,MIS1,4,2,2,0,4,Saccharomyces cerevisiae S288C
1786294,P02309,H4_YEAST,H4,HHF2,Q12019,MDN1_YEAST,MDN1,4,2,2,0,4,Saccharomyces cerevisiae S288C
1786295,P02309,H4_YEAST,H4,HHF2,P35192,MAC1_YEAST,MAC1,3,2,2,0,3,Saccharomyces cerevisiae S288C
1786296,P02309,H4_YEAST,H4,HHF2,Q06005,LIPB_YEAST,LIP2,3,2,2,0,3,Saccharomyces cerevisiae S288C
1786297,P02309,H4_YEAST,H4,HHF2,P53914,NAT10_YEAST,KRE33,5,2,3,0,6,Saccharomyces cerevisiae S288C
1786298,P02309,H4_YEAST,H4,HHF2,P47170,IML1_YEAST,IML1,4,2,2,0,4,Saccharomyces cerevisiae S288C
1786301,P02309,H4_YEAST,H4,HHF2,P28240,ACEA_YEAST,ICL1,3,2,2,0,3,Saccharomyces cerevisiae S288C
1786302,P02309,H4_YEAST,H4,HHF2,P37303,GLY1_YEAST,GLY1,3,2,2,0,3,Saccharomyces cerevisiae S288C
1786303,P02309,H4_YEAST,H4,HHF2,Q03214,ECM5_YEAST,ECM5,4,3,2,0,6,Saccharomyces cerevisiae S288C
1786304,P02309,H4_YEAST,H4,HHF2,P36022,DYHC_YEAST,DYN1,3,2,2,0,3,Saccharomyces cerevisiae S288C
1786306,P02309,H4_YEAST,H4,HHF2,Q07442,BDF2_YEAST,BDF2,4,3,3,0,7,Saccharomyces cerevisiae S288C
1786307,P02309,H4_YEAST,H4,HHF2,P05748,RL15A_YEAST,RPL15A,2,2,1,0,2,Saccharomyces cerevisiae S288C
1786308,P02309,H4_YEAST,H4,HHF2,P40212,RL13B_YEAST,RPL13B,2,2,1,0,2,Saccharomyces cerevisiae S288C
1786309,P02309,H4_YEAST,H4,HHF2,O13583,YPR77_YEAST,YPR077C,2,1,2,0,2,Saccharomyces cerevisiae S288C
1786310,P02309,H4_YEAST,H4,HHF2,P43590,YFH6_YEAST,YFR006W,4,2,2,0,4,Saccharomyces cerevisiae S288C
1786311,P02309,H4_YEAST,H4,HHF2,P40890,VTH2_YEAST,VTH2,3,2,2,0,3,Saccharomyces cerevisiae S288C
1786313,P02309,H4_YEAST,H4,HHF2,P35194,UTP20_YEAST,UTP20,3,2,2,0,3,Saccharomyces cerevisiae S288C
1786314,P02309,H4_YEAST,H4,HHF2,P25386,USO1_YEAST,USO1,4,2,2,0,4,Saccharomyces cerevisiae S288C
1786315,P02309,H4_YEAST,H4,HHF2,P07259,PYR1_YEAST,URA2,2,2,1,0,3,Saccharomyces cerevisiae S288C
1786316,P02309,H4_YEAST,H4,HHF2,P40061,TSC11_YEAST,TSC11,3,2,2,0,3,Saccharomyces cerevisiae S288C
1786317,P02309,H4_YEAST,H4,HHF2,P38110,ATM_YEAST,TEL1,3,2,2,0,3,Saccharomyces cerevisiae S288C
1786318,P02309,H4_YEAST,H4,HHF2,P11484,SSB1_YEAST,SSB1,2,1,2,0,3,Saccharomyces cerevisiae S288C
1786319,P02309,H4_YEAST,H4,HHF2,P10592,HSP72_YEAST,SSA2,2,1,2,0,3,Saccharomyces cerevisiae S288C
1786320,P02309,H4_YEAST,H4,HHF2,P10659,METK1_YEAST,SAM1,5,3,3,0,5,Saccharomyces cerevisiae S288C
1786321,P02309,H4_YEAST,H4,HHF2,P05755,RS9B_YEAST,RPS9B,2,2,1,0,2,Saccharomyces cerevisiae S288C
1786322,P02309,H4_YEAST,H4,HHF2,O13516,RS9A_YEAST,RPS9A,2,2,1,0,2,Saccharomyces cerevisiae S288C
1786323,P02309,H4_YEAST,H4,HHF2,P0CX39,RS8A_YEAST,RPS8A,2,2,1,0,2,Saccharomyces cerevisiae S288C
1786325,P02309,H4_YEAST,H4,HHF2,Q12213,RL7B_YEAST,RPL7B,2,2,1,0,2,Saccharomyces cerevisiae S288C
1786330,P02309,H4_YEAST,H4,HHF2,P49167,RL38_YEAST,RPL38,2,2,1,0,2,Saccharomyces cerevisiae S288C
1786331,P02309,H4_YEAST,H4,HHF2,P14120,RL30_YEAST,RPL30,2,2,1,0,2,Saccharomyces cerevisiae S288C
1786333,P02309,H4_YEAST,H4,HHF2,P26784,RL16A_YEAST,RPL16A,2,2,1,0,2,Saccharomyces cerevisiae S288C
1786922,P02309,H4_YEAST,H4,HHF2,P02557,TBB_YEAST,TUB2,2,2,1,0,2,Saccharomyces cerevisiae S288C
1786924,P02309,H4_YEAST,H4,HHF2,P0CX35,RS4A_YEAST,RPS4A,2,2,1,0,2,Saccharomyces cerevisiae S288C
1786925,P02309,H4_YEAST,H4,HHF2,Q08745,RS10A_YEAST,RPS10A,2,2,1,0,2,Saccharomyces cerevisiae S288C
1786927,P02309,H4_YEAST,H4,HHF2,P33892,GCN1_YEAST,GCN1,2,2,1,0,2,Saccharomyces cerevisiae S288C
1786928,P02309,H4_YEAST,H4,HHF2,P32324,EF2_YEAST,EFT2,2,2,1,0,2,Saccharomyces cerevisiae S288C
1786929,P02309,H4_YEAST,H4,HHF2,P03965,CARB_YEAST,CPA2,2,2,1,0,2,Saccharomyces cerevisiae S288C
1786930,P02309,H4_YEAST,H4,HHF2,P07258,CARA_YEAST,CPA1,2,3,1,0,3,Saccharomyces cerevisiae S288C
1805939,P02309,H4_YEAST,H4,HHF2,P22082,SNF2_YEAST,SNF2,3,3,3,0,6,Saccharomyces cerevisiae S288C
1809668,P02309,H4_YEAST,H4,HHF2,P39076,TCPB_YEAST,CCT2,2,2,2,0,3,Saccharomyces cerevisiae S288C
1824949,P02309,H4_YEAST,H4,HHF2,P25491,MAS5_YEAST,YDJ1,2,2,2,0,3,Saccharomyces cerevisiae S288C
1830536,P02309,H4_YEAST,H4,HHF2,P25361,YCT3_YEAST,YCR043C,2,2,1,0,2,Saccharomyces cerevisiae S288C
1830638,P02309,H4_YEAST,H4,HHF2,Q12262,CENPH_YEAST,MCM16,2,2,1,0,3,Saccharomyces cerevisiae S288C
1830712,P02309,H4_YEAST,H4,HHF2,Q06164,MMS22_YEAST,MMS22,3,2,2,0,3,Saccharomyces cerevisiae S288C
1831005,P02309,H4_YEAST,H4,HHF2,P33775,PMT1_YEAST,PMT1,2,2,1,0,3,Saccharomyces cerevisiae S288C
1831113,P02309,H4_YEAST,H4,HHF2,P53330,RT102_YEAST,RTT102,4,3,3,0,7,Saccharomyces cerevisiae S288C
1831202,P02309,H4_YEAST,H4,HHF2,P40509,COPE_YEAST,SEC28,2,2,1,0,2,Saccharomyces cerevisiae S288C
1831801,P02309,H4_YEAST,H4,HHF2,P39704,ERP2_YEAST,ERP2,2,2,1,0,2,Saccharomyces cerevisiae S288C
1831814,P02309,H4_YEAST,H4,HHF2,P54837,TMEDA_YEAST,ERV25,2,2,1,0,2,Saccharomyces cerevisiae S288C
1831927,P02309,H4_YEAST,H4,HHF2,P17709,HXKG_YEAST,GLK1,3,3,2,0,3,Saccharomyces cerevisiae S288C
2098677,P02309,H4_YEAST,H4,HHF2,Q9NVP2,ASF1B_HUMAN,ASF1B,1,1,1,0,2,Saccharomyces cerevisiae S288C
2324868,P02309,H4_YEAST,H4,HHF2,P00546,CDK1_YEAST,CDC28,2,2,2,0,3,Saccharomyces cerevisiae S288C
2328596,P02309,H4_YEAST,H4,HHF2,Q06168,SFH1_YEAST,SFH1,2,2,2,0,4,Saccharomyces cerevisiae S288C
2328598,P02309,H4_YEAST,H4,HHF2,P53628,SNF12_YEAST,SNF12,2,2,2,0,4,Saccharomyces cerevisiae S288C
2328599,P02309,H4_YEAST,H4,HHF2,P09547,SWI1_YEAST,SWI1,2,2,2,0,4,Saccharomyces cerevisiae S288C
2328600,P02309,H4_YEAST,H4,HHF2,P43554,SWP82_YEAST,SWP82,2,2,2,0,4,Saccharomyces cerevisiae S288C
2328601,P02309,H4_YEAST,H4,HHF2,P35189,TAF14_YEAST,TAF14,2,2,2,0,4,Saccharomyces cerevisiae S288C
2328713,P02309,H4_YEAST,H4,HHF2,P04051,RPC1_YEAST,RPO31,2,2,2,0,3,Saccharomyces cerevisiae S288C
2328714,P02309,H4_YEAST,H4,HHF2,P32349,RPC3_YEAST,RPC82,3,2,3,0,4,Saccharomyces cerevisiae S288C
2328717,P02309,H4_YEAST,H4,HHF2,P22276,RPC2_YEAST,RET1,3,2,3,0,4,Saccharomyces cerevisiae S288C
2328721,P02309,H4_YEAST,H4,HHF2,P26754,RFA2_YEAST,RFA2,3,2,2,0,4,Saccharomyces cerevisiae S288C
2328751,P02309,H4_YEAST,H4,HHF2,P53437,RRN9_YEAST,RRN9,2,2,2,0,3,Saccharomyces cerevisiae S288C
2328775,P02309,H4_YEAST,H4,HHF2,P12962,CAF20_YEAST,CAF20,2,1,2,0,3,Saccharomyces cerevisiae S288C
2328788,P02309,H4_YEAST,H4,HHF2,P38313,CENPU_YEAST,AME1,3,1,3,0,4,Saccharomyces cerevisiae S288C
2328794,P02309,H4_YEAST,H4,HHF2,P25586,KRR1_YEAST,KRR1,2,1,2,0,3,Saccharomyces cerevisiae S288C
2328795,P02309,H4_YEAST,H4,HHF2,P50094,IMDH4_YEAST,IMD4,2,2,2,0,4,Saccharomyces cerevisiae S288C
2328796,P02309,H4_YEAST,H4,HHF2,P13712,MSI1_YEAST,MSI1,2,2,2,0,3,Saccharomyces cerevisiae S288C
2328802,P02309,H4_YEAST,H4,HHF2,P33322,CBF5_YEAST,CBF5,2,3,2,0,4,Saccharomyces cerevisiae S288C
2328811,P02309,H4_YEAST,H4,HHF2,P38204,RRN10_YEAST,RRN10,2,2,2,0,3,Saccharomyces cerevisiae S288C
2328847,P02309,H4_YEAST,H4,HHF2,Q06339,TFC6_YEAST,TFC6,2,1,2,0,3,Saccharomyces cerevisiae S288C
2328870,P02309,H4_YEAST,H4,HHF2,P29056,TF3B_YEAST,BRF1,2,1,2,0,3,Saccharomyces cerevisiae S288C
2328882,P02309,H4_YEAST,H4,HHF2,P48562,CLA4_YEAST,CLA4,2,2,2,0,3,Saccharomyces cerevisiae S288C
2328906,P02309,H4_YEAST,H4,HHF2,P06778,RAD52_YEAST,RAD52,2,1,2,0,3,Saccharomyces cerevisiae S288C
1766613,P04911,H2A1_YEAST,H2A,HTA1,Q05946,UTP13_YEAST,UTP13,2,2,1,0,3,Saccharomyces cerevisiae S288C
1766614,P04911,H2A1_YEAST,H2A,HTA1,P53261,PESC_YEAST,NOP7,2,2,1,0,3,Saccharomyces cerevisiae S288C
1766615,P04911,H2A1_YEAST,H2A,HTA1,P32558,SPT16_YEAST,SPT16,13,4,11,0,20,Saccharomyces cerevisiae S288C
1766617,P04911,H2A1_YEAST,H2A,HTA1,P04051,RPC1_YEAST,RPO31,3,2,2,0,4,Saccharomyces cerevisiae S288C
1766618,P04911,H2A1_YEAST,H2A,HTA1,P32349,RPC3_YEAST,RPC82,3,2,2,0,4,Saccharomyces cerevisiae S288C
1766619,P04911,H2A1_YEAST,H2A,HTA1,P22276,RPC2_YEAST,RET1,4,2,3,0,5,Saccharomyces cerevisiae S288C
1766620,P04911,H2A1_YEAST,H2A,HTA1,P37838,NOP4_YEAST,NOP4,2,2,1,0,3,Saccharomyces cerevisiae S288C
1766621,P04911,H2A1_YEAST,H2A,HTA1,P42846,KRI1_YEAST,KRI1,2,2,1,0,3,Saccharomyces cerevisiae S288C
1766624,P04911,H2A1_YEAST,H2A,HTA1,P53067,IMB5_YEAST,KAP114,13,5,10,0,20,Saccharomyces cerevisiae S288C
1766626,P04911,H2A1_YEAST,H2A,HTA1,P32480,HIR2_YEAST,HIR2,2,2,1,0,3,Saccharomyces cerevisiae S288C
1776278,P04911,H2A1_YEAST,H2A,HTA1,P40340,TBP7_YEAST,YTA7,2,2,2,0,4,Saccharomyces cerevisiae S288C
1776279,P04911,H2A1_YEAST,H2A,HTA1,Q04636,POB3_YEAST,POB3,9,4,7,0,12,Saccharomyces cerevisiae S288C
1776280,P04911,H2A1_YEAST,H2A,HTA1,P32345,PP4C_YEAST,PPH3,5,2,3,0,8,Saccharomyces cerevisiae S288C
1776281,P04911,H2A1_YEAST,H2A,HTA1,P38193,PP4R2_YEAST,PSY4,4,2,3,0,6,Saccharomyces cerevisiae S288C
1776282,P04911,H2A1_YEAST,H2A,HTA1,P40164,PP4R3_YEAST,PSY2,4,2,2,0,7,Saccharomyces cerevisiae S288C
1798058,P04911,H2A1_YEAST,H2A,HTA1,P14737,RAD9_YEAST,RAD9,2,2,1,0,2,Saccharomyces cerevisiae S288C
2307326,P04911,H2A1_YEAST,H2A,HTA1,P32337,IMB3_YEAST,PSE1,3,3,3,0,5,Saccharomyces cerevisiae S288C
2307327,P04911,H2A1_YEAST,H2A,HTA1,Q06142,IMB1_YEAST,KAP95,3,3,3,0,4,Saccharomyces cerevisiae S288C
2309099,P04911,H2A1_YEAST,H2A,HTA1,Q03940,RUVB1_YEAST,RVB1,2,2,2,0,2,Saccharomyces cerevisiae S288C
2315159,P04911,H2A1_YEAST,H2A,HTA1,P38217,IMB2_YEAST,KAP104,2,2,2,0,4,Saccharomyces cerevisiae S288C
2315160,P04911,H2A1_YEAST,H2A,HTA1,P40069,IMB4_YEAST,KAP123,2,2,2,0,4,Saccharomyces cerevisiae S288C
2329288,P04911,H2A1_YEAST,H2A,HTA1,P26754,RFA2_YEAST,RFA2,2,2,2,0,2,Saccharomyces cerevisiae S288C
2334401,P04911,H2A1_YEAST,H2A,HTA1,P31380,FUN30_YEAST,FUN30,2,2,2,0,2,Saccharomyces cerevisiae S288C
2375421,P04911,H2A1_YEAST,H2A,HTA1,P32569,MED17_YEAST,SRB4,1,1,1,0,1,Saccharomyces cerevisiae S288C
2375852,P04911,H2A1_YEAST,H2A,HTA1,P38754,RL14B_YEAST,RPL14B,1,1,1,0,1,Saccharomyces cerevisiae S288C
2376030,P04911,H2A1_YEAST,H2A,HTA1,P38633,MED31_YEAST,SOH1,1,1,1,0,1,Saccharomyces cerevisiae S288C
1455056,P04912,H2A2_YEAST,H2A,HTA2,P32333,MOT1_YEAST,MOT1,5,2,4,0,5,Saccharomyces cerevisiae S288C
1455058,P04912,H2A2_YEAST,H2A,HTA2,P32558,SPT16_YEAST,SPT16,7,3,6,0,48,Saccharomyces cerevisiae S288C
1455059,P04912,H2A2_YEAST,H2A,HTA2,Q06188,YL455_YEAST,YLR455W,3,2,3,0,3,Saccharomyces cerevisiae S288C
1455062,P04912,H2A2_YEAST,H2A,HTA2,P53551,H1_YEAST,HHO1,2,2,2,0,2,Saccharomyces cerevisiae S288C
1455063,P04912,H2A2_YEAST,H2A,HTA2,P32597,STH1_YEAST,STH1,3,2,3,0,3,Saccharomyces cerevisiae S288C
1455064,P04912,H2A2_YEAST,H2A,HTA2,P25293,NAP1_YEAST,NAP1,13,3,11,0,44,Saccharomyces cerevisiae S288C
1455067,P04912,H2A2_YEAST,H2A,HTA2,P32832,RSC7_YEAST,NPL6,2,2,2,0,2,Saccharomyces cerevisiae S288C
1455068,P04912,H2A2_YEAST,H2A,HTA2,P47035,NET1_YEAST,NET1,2,2,2,0,2,Saccharomyces cerevisiae S288C
1455070,P04912,H2A2_YEAST,H2A,HTA2,P29496,MCM5_YEAST,MCM5,2,2,2,0,4,Saccharomyces cerevisiae S288C
1455074,P04912,H2A2_YEAST,H2A,HTA2,P53115,INO80_YEAST,INO80,2,2,2,0,2,Saccharomyces cerevisiae S288C
1455077,P04912,H2A2_YEAST,H2A,HTA2,Q07979,RSC58_YEAST,RSC58,6,2,4,0,10,Saccharomyces cerevisiae S288C
1455079,P04912,H2A2_YEAST,H2A,HTA2,Q04636,POB3_YEAST,POB3,4,3,3,0,18,Saccharomyces cerevisiae S288C
1455080,P04912,H2A2_YEAST,H2A,HTA2,Q12464,RUVB2_YEAST,RVB2,2,2,2,0,2,Saccharomyces cerevisiae S288C
1455089,P04912,H2A2_YEAST,H2A,HTA2,Q12161,PSH1_YEAST,PSH1,5,3,4,0,6,Saccharomyces cerevisiae S288C
1455090,P04912,H2A2_YEAST,H2A,HTA2,P38144,ISW1_YEAST,ISW1,5,2,4,0,5,Saccharomyces cerevisiae S288C
1455097,P04912,H2A2_YEAST,H2A,HTA2,P40069,IMB4_YEAST,KAP123,2,2,2,0,2,Saccharomyces cerevisiae S288C
1455099,P04912,H2A2_YEAST,H2A,HTA2,Q06639,RSC3_YEAST,RSC3,4,2,3,0,4,Saccharomyces cerevisiae S288C
1455104,P04912,H2A2_YEAST,H2A,HTA2,Q08773,ISW2_YEAST,ISW2,2,2,2,0,2,Saccharomyces cerevisiae S288C
1455105,P04912,H2A2_YEAST,H2A,HTA2,P13393,TBP_YEAST,SPT15,2,2,2,0,2,Saccharomyces cerevisiae S288C
1455106,P04912,H2A2_YEAST,H2A,HTA2,P40340,TBP7_YEAST,YTA7,3,2,3,0,5,Saccharomyces cerevisiae S288C
1455107,P04912,H2A2_YEAST,H2A,HTA2,P19454,CSK22_YEAST,CKA2,4,2,3,0,6,Saccharomyces cerevisiae S288C
1455110,P04912,H2A2_YEAST,H2A,HTA2,Q03124,RSC9_YEAST,RSC9,2,2,2,0,2,Saccharomyces cerevisiae S288C
1455111,P04912,H2A2_YEAST,H2A,HTA2,Q06488,RSC2_YEAST,RSC2,2,2,2,0,2,Saccharomyces cerevisiae S288C
1455112,P04912,H2A2_YEAST,H2A,HTA2,P38911,FKBP3_YEAST,FPR3,2,2,2,0,2,Saccharomyces cerevisiae S288C
1455113,P04912,H2A2_YEAST,H2A,HTA2,Q03940,RUVB1_YEAST,RVB1,2,2,2,0,2,Saccharomyces cerevisiae S288C
1455114,P04912,H2A2_YEAST,H2A,HTA2,Q12072,IOC2_YEAST,IOC2,2,2,2,0,2,Saccharomyces cerevisiae S288C
1455115,P04912,H2A2_YEAST,H2A,HTA2,P25632,RSC6_YEAST,RSC6,2,2,2,0,2,Saccharomyces cerevisiae S288C
1455116,P04912,H2A2_YEAST,H2A,HTA2,P34218,SAS3_YEAST,SAS3,4,2,3,0,6,Saccharomyces cerevisiae S288C
1455118,P04912,H2A2_YEAST,H2A,HTA2,P53125,ITC1_YEAST,ITC1,2,2,2,0,2,Saccharomyces cerevisiae S288C
1455122,P04912,H2A2_YEAST,H2A,HTA2,P80428,ARP4_YEAST,ARP4,3,3,3,0,3,Saccharomyces cerevisiae S288C
1455123,P04912,H2A2_YEAST,H2A,HTA2,P54784,ORC1_YEAST,ORC1,3,2,3,0,4,Saccharomyces cerevisiae S288C
1455124,P04912,H2A2_YEAST,H2A,HTA2,P53067,IMB5_YEAST,KAP114,10,3,8,0,48,Saccharomyces cerevisiae S288C
1455127,P04912,H2A2_YEAST,H2A,HTA2,P29469,MCM2_YEAST,MCM2,3,2,3,0,4,Saccharomyces cerevisiae S288C
1455128,P04912,H2A2_YEAST,H2A,HTA2,P41940,MPG1_YEAST,PSA1,2,1,2,0,2,Saccharomyces cerevisiae S288C
1784265,P04912,H2A2_YEAST,H2A,HTA2,P40164,PP4R3_YEAST,PSY2,4,2,3,0,10,Saccharomyces cerevisiae S288C
1784266,P04912,H2A2_YEAST,H2A,HTA2,P07259,PYR1_YEAST,URA2,2,2,2,0,2,Saccharomyces cerevisiae S288C
1784267,P04912,H2A2_YEAST,H2A,HTA2,P38811,TRA1_YEAST,TRA1,3,2,2,0,3,Saccharomyces cerevisiae S288C
1784270,P04912,H2A2_YEAST,H2A,HTA2,Q02457,TBF1_YEAST,TBF1,2,2,1,0,2,Saccharomyces cerevisiae S288C
1784271,P04912,H2A2_YEAST,H2A,HTA2,P11484,SSB1_YEAST,SSB1,2,1,2,0,2,Saccharomyces cerevisiae S288C
1784272,P04912,H2A2_YEAST,H2A,HTA2,P22082,SNF2_YEAST,SNF2,2,2,1,0,2,Saccharomyces cerevisiae S288C
1784273,P04912,H2A2_YEAST,H2A,HTA2,P38961,RRP8_YEAST,RRP8,2,2,1,0,2,Saccharomyces cerevisiae S288C
1784275,P04912,H2A2_YEAST,H2A,HTA2,P0CX35,RS4A_YEAST,RPS4A,2,2,1,0,2,Saccharomyces cerevisiae S288C
1784276,P04912,H2A2_YEAST,H2A,HTA2,P05750,RS3_YEAST,RPS3,2,2,1,0,2,Saccharomyces cerevisiae S288C
1784280,P04912,H2A2_YEAST,H2A,HTA2,P40339,RFC4_YEAST,RFC4,2,2,1,0,2,Saccharomyces cerevisiae S288C
1784281,P04912,H2A2_YEAST,H2A,HTA2,P38630,RFC1_YEAST,RFC1,5,2,3,0,7,Saccharomyces cerevisiae S288C
1784282,P04912,H2A2_YEAST,H2A,HTA2,P22276,RPC2_YEAST,RET1,4,2,3,0,4,Saccharomyces cerevisiae S288C
1784283,P04912,H2A2_YEAST,H2A,HTA2,P21951,DPOE_YEAST,POL2,2,2,1,0,2,Saccharomyces cerevisiae S288C
1784284,P04912,H2A2_YEAST,H2A,HTA2,P04147,PABP_YEAST,PAB1,2,2,1,0,2,Saccharomyces cerevisiae S288C
1784285,P04912,H2A2_YEAST,H2A,HTA2,P33399,LHP1_YEAST,LHP1,2,2,1,0,2,Saccharomyces cerevisiae S288C
1784286,P04912,H2A2_YEAST,H2A,HTA2,P22147,XRN1_YEAST,XRN1,2,2,2,0,2,Saccharomyces cerevisiae S288C
1784287,P04912,H2A2_YEAST,H2A,HTA2,P43596,IOC3_YEAST,IOC3,2,2,1,0,2,Saccharomyces cerevisiae S288C
1784288,P04912,H2A2_YEAST,H2A,HTA2,P50095,IMDH3_YEAST,IMD3,3,2,2,0,3,Saccharomyces cerevisiae S288C
1808847,P04912,H2A2_YEAST,H2A,HTA2,P15108,HSC82_YEAST,HSC82,2,2,2,0,2,Saccharomyces cerevisiae S288C
1823551,P04912,H2A2_YEAST,H2A,HTA2,P40150,SSB2_YEAST,SSB2,3,2,2,0,5,Saccharomyces cerevisiae S288C
1829853,P04912,H2A2_YEAST,H2A,HTA2,P20448,DBP4_YEAST,HCA4,2,2,1,0,9,Saccharomyces cerevisiae S288C
1829859,P04912,H2A2_YEAST,H2A,HTA2,P06786,TOP2_YEAST,TOP2,3,2,2,0,9,Saccharomyces cerevisiae S288C
1829860,P04912,H2A2_YEAST,H2A,HTA2,P32608,RTG2_YEAST,RTG2,2,2,1,0,3,Saccharomyces cerevisiae S288C
1829861,P04912,H2A2_YEAST,H2A,HTA2,P0CX37,RS6A_YEAST,RPS6A,2,2,1,0,2,Saccharomyces cerevisiae S288C
1829862,P04912,H2A2_YEAST,H2A,HTA2,P38629,RFC3_YEAST,RFC3,3,2,2,0,5,Saccharomyces cerevisiae S288C
1829863,P04912,H2A2_YEAST,H2A,HTA2,P38193,PP4R2_YEAST,PSY4,3,2,2,0,5,Saccharomyces cerevisiae S288C
1829864,P04912,H2A2_YEAST,H2A,HTA2,P23293,BUR1_YEAST,SGV1,2,2,1,0,3,Saccharomyces cerevisiae S288C
1829867,P04912,H2A2_YEAST,H2A,HTA2,P52593,NU188_YEAST,NUP188,2,2,1,0,5,Saccharomyces cerevisiae S288C
1829868,P04912,H2A2_YEAST,H2A,HTA2,P40438,VTH1_YEAST,VTH1,2,2,1,0,5,Saccharomyces cerevisiae S288C
1829869,P04912,H2A2_YEAST,H2A,HTA2,P32807,KU70_YEAST,YKU70,3,2,2,0,4,Saccharomyces cerevisiae S288C
1829870,P04912,H2A2_YEAST,H2A,HTA2,P15646,FBRL_YEAST,NOP1,3,3,2,0,4,Saccharomyces cerevisiae S288C
1829872,P04912,H2A2_YEAST,H2A,HTA2,P15790,CSK21_YEAST,CKA1,2,2,1,0,6,Saccharomyces cerevisiae S288C
1829874,P04912,H2A2_YEAST,H2A,HTA2,Q03088,SVL3_YEAST,SVL3,2,2,1,0,4,Saccharomyces cerevisiae S288C
1829875,P04912,H2A2_YEAST,H2A,HTA2,P38333,ENP1_YEAST,ENP1,2,2,1,0,3,Saccharomyces cerevisiae S288C
1829877,P04912,H2A2_YEAST,H2A,HTA2,P19659,MED15_YEAST,GAL11,2,2,1,0,3,Saccharomyces cerevisiae S288C
1829878,P04912,H2A2_YEAST,H2A,HTA2,P10080,SSBP1_YEAST,SBP1,2,2,1,0,2,Saccharomyces cerevisiae S288C
1830294,P04912,H2A2_YEAST,H2A,HTA2,P31376,SWC3_YEAST,SWC3,2,2,1,0,2,Saccharomyces cerevisiae S288C
1830679,P04912,H2A2_YEAST,H2A,HTA2,P27705,MIG1_YEAST,MIG1,2,2,1,0,2,Saccharomyces cerevisiae S288C
1830900,P04912,H2A2_YEAST,H2A,HTA2,P32833,ORC2_YEAST,ORC2,2,2,1,0,3,Saccharomyces cerevisiae S288C
1830907,P04912,H2A2_YEAST,H2A,HTA2,P38826,ORC6_YEAST,ORC6,2,2,1,0,4,Saccharomyces cerevisiae S288C
1831002,P04912,H2A2_YEAST,H2A,HTA2,P33775,PMT1_YEAST,PMT1,2,2,1,0,3,Saccharomyces cerevisiae S288C
1831563,P04912,H2A2_YEAST,H2A,HTA2,P06779,RAD7_YEAST,RAD7,2,2,1,0,2,Saccharomyces cerevisiae S288C
1831566,P04912,H2A2_YEAST,H2A,HTA2,P21538,REB1_YEAST,REB1,2,2,1,0,3,Saccharomyces cerevisiae S288C
1831781,P04912,H2A2_YEAST,H2A,HTA2,P38879,NACA_YEAST,EGD2,2,2,1,0,2,Saccharomyces cerevisiae S288C
1831796,P04912,H2A2_YEAST,H2A,HTA2,P39704,ERP2_YEAST,ERP2,2,2,1,0,3,Saccharomyces cerevisiae S288C
1831962,P04912,H2A2_YEAST,H2A,HTA2,P32445,RIM1_YEAST,RIM1,3,2,2,0,4,Saccharomyces cerevisiae S288C
1831963,P04912,H2A2_YEAST,H2A,HTA2,P38741,RIM4_YEAST,RIM4,2,2,1,0,2,Saccharomyces cerevisiae S288C
1831979,P04912,H2A2_YEAST,H2A,HTA2,P43579,IES1_YEAST,IES1,2,2,1,0,3,Saccharomyces cerevisiae S288C
1831986,P04912,H2A2_YEAST,H2A,HTA2,P40060,IES5_YEAST,IES5,2,2,1,0,2,Saccharomyces cerevisiae S288C
1832127,P04912,H2A2_YEAST,H2A,HTA2,Q07953,SDO1_YEAST,SDO1,2,2,1,0,3,Saccharomyces cerevisiae S288C
1832402,P04912,H2A2_YEAST,H2A,HTA2,Q07442,BDF2_YEAST,BDF2,3,2,2,0,3,Saccharomyces cerevisiae S288C
1832453,P04912,H2A2_YEAST,H2A,HTA2,P38626,NCB5R_YEAST,CBR1,2,2,1,0,2,Saccharomyces cerevisiae S288C
2319398,P04912,H2A2_YEAST,H2A,HTA2,P22336,RFA1_YEAST,RFA1,2,1,2,0,2,Saccharomyces cerevisiae S288C
2319419,P04912,H2A2_YEAST,H2A,HTA2,P36049,EBP2_YEAST,EBP2,2,1,2,0,2,Saccharomyces cerevisiae S288C
2319433,P04912,H2A2_YEAST,H2A,HTA2,P40693,RLP7_YEAST,RLP7,2,1,2,0,2,Saccharomyces cerevisiae S288C
2319439,P04912,H2A2_YEAST,H2A,HTA2,P04051,RPC1_YEAST,RPO31,2,1,2,0,2,Saccharomyces cerevisiae S288C
2319448,P04912,H2A2_YEAST,H2A,HTA2,P30665,MCM4_YEAST,MCM4,2,1,2,0,2,Saccharomyces cerevisiae S288C
2319449,P04912,H2A2_YEAST,H2A,HTA2,P07703,RPAC1_YEAST,RPC40,2,1,2,0,2,Saccharomyces cerevisiae S288C
2319450,P04912,H2A2_YEAST,H2A,HTA2,P32349,RPC3_YEAST,RPC82,2,1,2,0,2,Saccharomyces cerevisiae S288C
2329331,P04912,H2A2_YEAST,H2A,HTA2,Q12510,CMR1_YEAST,CMR1,2,2,1,0,3,Saccharomyces cerevisiae S288C
2329333,P04912,H2A2_YEAST,H2A,HTA2,P25586,KRR1_YEAST,KRR1,2,1,2,0,2,Saccharomyces cerevisiae S288C
2334402,P04912,H2A2_YEAST,H2A,HTA2,P31380,FUN30_YEAST,FUN30,1,1,1,0,1,Saccharomyces cerevisiae S288C
1773210,P36012,CENPA_YEAST,H3,CSE4,P32597,STH1_YEAST,STH1,2,2,2,0,2,Saccharomyces cerevisiae S288C
1828759,P36012,CENPA_YEAST,H3,CSE4,Q02159,UBC7_YEAST,UBC7,1,1,1,0,1,Saccharomyces cerevisiae S288C
2307766,P36012,CENPA_YEAST,H3,CSE4,Q02732,CENPP_YEAST,CTF19,4,3,4,0,5,Saccharomyces cerevisiae S288C
2316482,P36012,CENPA_YEAST,H3,CSE4,P19736,PRP9_YEAST,PRP9,1,1,1,0,1,Saccharomyces cerevisiae S288C
2323941,P36012,CENPA_YEAST,H3,CSE4,Q12161,PSH1_YEAST,PSH1,12,3,9,0,15,Saccharomyces cerevisiae S288C
2324098,P36012,CENPA_YEAST,H3,CSE4,P06782,SNF1_YEAST,SNF1,2,2,2,0,2,Saccharomyces cerevisiae S288C
2324125,P36012,CENPA_YEAST,H3,CSE4,P32368,SAC1_YEAST,SAC1,2,2,2,0,2,Saccharomyces cerevisiae S288C
2324236,P36012,CENPA_YEAST,H3,CSE4,P19812,UBR1_YEAST,UBR1,2,1,2,0,3,Saccharomyces cerevisiae S288C
2324238,P36012,CENPA_YEAST,H3,CSE4,P47037,SMC3_YEAST,SMC3,2,1,2,0,2,Saccharomyces cerevisiae S288C
2352394,P36012,CENPA_YEAST,H3,CSE4,Q08490,SGO1_YEAST,SGO1,4,3,2,0,4,Saccharomyces cerevisiae S288C
2358564,P36012,CENPA_YEAST,H3,CSE4,P32354,MCM10_YEAST,MCM10,1,1,1,0,1,Saccharomyces cerevisiae S288C
2358565,P36012,CENPA_YEAST,H3,CSE4,P23594,PP2A1_YEAST,PPH21,1,1,1,0,1,Saccharomyces cerevisiae S288C
2358566,P36012,CENPA_YEAST,H3,CSE4,P38967,TAT2_YEAST,TAT2,1,1,1,0,1,Saccharomyces cerevisiae S288C
2358567,P36012,CENPA_YEAST,H3,CSE4,P12904,AAKG_YEAST,SNF4,1,1,1,0,1,Saccharomyces cerevisiae S288C
2358568,P36012,CENPA_YEAST,H3,CSE4,P08458,SPS1_YEAST,SPS1,1,1,1,0,1,Saccharomyces cerevisiae S288C
1454863,P61830,H3_YEAST,H3,HHT2,P20459,IF2A_YEAST,SUI2,2,2,2,0,3,Saccharomyces cerevisiae S288C
1454864,P61830,H3_YEAST,H3,HHT2,P60010,ACT_YEAST,ACT1,2,2,2,0,2,Saccharomyces cerevisiae S288C
1454865,P61830,H3_YEAST,H3,HHT2,P32832,RSC7_YEAST,NPL6,2,2,2,0,3,Saccharomyces cerevisiae S288C
1454866,P61830,H3_YEAST,H3,HHT2,Q12432,EAF3_YEAST,EAF3,4,4,6,0,9,Saccharomyces cerevisiae S288C
1454867,P61830,H3_YEAST,H3,HHT2,P53040,TAF6_YEAST,TAF6,3,2,2,0,3,Saccharomyces cerevisiae S288C
1454868,P61830,H3_YEAST,H3,HHT2,Q12311,NTO1_YEAST,NTO1,3,4,4,0,5,Saccharomyces cerevisiae S288C
1454869,P61830,H3_YEAST,H3,HHT2,P35189,TAF14_YEAST,TAF14,6,4,7,0,11,Saccharomyces cerevisiae S288C
1454871,P61830,H3_YEAST,H3,HHT2,P40055,UTP7_YEAST,UTP7,2,2,2,0,3,Saccharomyces cerevisiae S288C
1454872,P61830,H3_YEAST,H3,HHT2,P32558,SPT16_YEAST,SPT16,12,4,9,0,54,Saccharomyces cerevisiae S288C
1454873,P61830,H3_YEAST,H3,HHT2,P47037,SMC3_YEAST,SMC3,2,2,2,0,3,Saccharomyces cerevisiae S288C
1454874,P61830,H3_YEAST,H3,HHT2,P53551,H1_YEAST,HHO1,3,4,3,0,4,Saccharomyces cerevisiae S288C
1454875,P61830,H3_YEAST,H3,HHT2,P53201,SWC4_YEAST,SWC4,2,2,2,0,3,Saccharomyces cerevisiae S288C
1454877,P61830,H3_YEAST,H3,HHT2,P38781,RSC30_YEAST,RSC30,2,2,2,0,3,Saccharomyces cerevisiae S288C
1454878,P61830,H3_YEAST,H3,HHT2,Q07979,RSC58_YEAST,RSC58,3,3,3,0,6,Saccharomyces cerevisiae S288C
1454879,P61830,H3_YEAST,H3,HHT2,P35817,BDF1_YEAST,BDF1,5,4,4,0,7,Saccharomyces cerevisiae S288C
1454880,P61830,H3_YEAST,H3,HHT2,P43639,CSK2B_YEAST,CKB1,3,2,2,0,4,Saccharomyces cerevisiae S288C
1454883,P61830,H3_YEAST,H3,HHT2,Q03124,RSC9_YEAST,RSC9,3,3,3,0,5,Saccharomyces cerevisiae S288C
1454884,P61830,H3_YEAST,H3,HHT2,Q12072,IOC2_YEAST,IOC2,2,2,2,0,2,Saccharomyces cerevisiae S288C
1454886,P61830,H3_YEAST,H3,HHT2,P50105,TAF4_YEAST,TAF4,2,2,2,0,3,Saccharomyces cerevisiae S288C
1454888,P61830,H3_YEAST,H3,HHT2,P38144,ISW1_YEAST,ISW1,5,2,4,0,8,Saccharomyces cerevisiae S288C
1454889,P61830,H3_YEAST,H3,HHT2,P38811,TRA1_YEAST,TRA1,3,2,3,0,4,Saccharomyces cerevisiae S288C
1454890,P61830,H3_YEAST,H3,HHT2,P40069,IMB4_YEAST,KAP123,4,3,3,0,8,Saccharomyces cerevisiae S288C
1454894,P61830,H3_YEAST,H3,HHT2,P29056,TF3B_YEAST,BRF1,2,2,2,0,3,Saccharomyces cerevisiae S288C
1454896,P61830,H3_YEAST,H3,HHT2,P54790,ORC3_YEAST,ORC3,2,2,2,0,3,Saccharomyces cerevisiae S288C
1454899,P61830,H3_YEAST,H3,HHT2,Q08773,ISW2_YEAST,ISW2,3,2,3,0,4,Saccharomyces cerevisiae S288C
1454900,P61830,H3_YEAST,H3,HHT2,Q05123,ARP9_YEAST,ARP9,3,3,3,0,5,Saccharomyces cerevisiae S288C
1454901,P61830,H3_YEAST,H3,HHT2,P53091,MCM6_YEAST,MCM6,2,2,2,0,3,Saccharomyces cerevisiae S288C
1454902,P61830,H3_YEAST,H3,HHT2,Q04213,IOC4_YEAST,IOC4,5,2,4,0,7,Saccharomyces cerevisiae S288C
1454903,P61830,H3_YEAST,H3,HHT2,P32333,MOT1_YEAST,MOT1,2,2,2,0,3,Saccharomyces cerevisiae S288C
1454905,P61830,H3_YEAST,H3,HHT2,Q06205,FKBP4_YEAST,FPR4,7,5,5,0,12,Saccharomyces cerevisiae S288C
1454906,P61830,H3_YEAST,H3,HHT2,P38719,DBP8_YEAST,DBP8,2,2,2,0,3,Saccharomyces cerevisiae S288C
1454909,P61830,H3_YEAST,H3,HHT2,P32480,HIR2_YEAST,HIR2,3,2,3,0,3,Saccharomyces cerevisiae S288C
1454910,P61830,H3_YEAST,H3,HHT2,Q03940,RUVB1_YEAST,RVB1,3,3,3,0,4,Saccharomyces cerevisiae S288C
1454911,P61830,H3_YEAST,H3,HHT2,Q02336,ADA2_YEAST,ADA2,4,2,3,0,5,Saccharomyces cerevisiae S288C
1454913,P61830,H3_YEAST,H3,HHT2,P38911,FKBP3_YEAST,FPR3,2,2,2,0,2,Saccharomyces cerevisiae S288C
1454915,P61830,H3_YEAST,H3,HHT2,P43572,EPL1_YEAST,EPL1,3,2,3,0,5,Saccharomyces cerevisiae S288C
1454916,P61830,H3_YEAST,H3,HHT2,P25632,RSC6_YEAST,RSC6,2,2,2,0,3,Saccharomyces cerevisiae S288C
1454919,P61830,H3_YEAST,H3,HHT2,Q12406,ARP7_YEAST,ARP7,2,2,2,0,3,Saccharomyces cerevisiae S288C
1454920,P61830,H3_YEAST,H3,HHT2,P32481,IF2G_YEAST,GCD11,2,2,2,0,3,Saccharomyces cerevisiae S288C
1454921,P61830,H3_YEAST,H3,HHT2,P53330,RT102_YEAST,RTT102,3,3,3,0,5,Saccharomyces cerevisiae S288C
1454923,P61830,H3_YEAST,H3,HHT2,P46676,SUM1_YEAST,SUM1,2,2,2,0,3,Saccharomyces cerevisiae S288C
1454924,P61830,H3_YEAST,H3,HHT2,P15790,CSK21_YEAST,CKA1,7,4,5,0,15,Saccharomyces cerevisiae S288C
1454925,P61830,H3_YEAST,H3,HHT2,Q00684,CDC14_YEAST,CDC14,2,2,2,0,3,Saccharomyces cerevisiae S288C
1454926,P61830,H3_YEAST,H3,HHT2,P80428,ARP4_YEAST,ARP4,5,5,4,0,7,Saccharomyces cerevisiae S288C
1454927,P61830,H3_YEAST,H3,HHT2,P32657,CHD1_YEAST,CHD1,5,4,5,0,7,Saccharomyces cerevisiae S288C
1454928,P61830,H3_YEAST,H3,HHT2,Q04636,POB3_YEAST,POB3,9,3,7,0,42,Saccharomyces cerevisiae S288C
1454930,P61830,H3_YEAST,H3,HHT2,P43609,RSC8_YEAST,RSC8,5,3,4,0,7,Saccharomyces cerevisiae S288C
1454931,P61830,H3_YEAST,H3,HHT2,P40340,TBP7_YEAST,YTA7,4,4,4,0,9,Saccharomyces cerevisiae S288C
1454932,P61830,H3_YEAST,H3,HHT2,P38129,TAF5_YEAST,TAF5,4,2,3,0,4,Saccharomyces cerevisiae S288C
1454933,P61830,H3_YEAST,H3,HHT2,Q02206,RSC4_YEAST,RSC4,4,4,3,0,8,Saccharomyces cerevisiae S288C
1454934,P61830,H3_YEAST,H3,HHT2,Q12464,RUVB2_YEAST,RVB2,2,2,2,0,3,Saccharomyces cerevisiae S288C
1454935,P61830,H3_YEAST,H3,HHT2,Q06488,RSC2_YEAST,RSC2,5,3,4,0,9,Saccharomyces cerevisiae S288C
1454940,P61830,H3_YEAST,H3,HHT2,Q12386,ARP8_YEAST,ARP8,4,4,5,0,5,Saccharomyces cerevisiae S288C
1454941,P61830,H3_YEAST,H3,HHT2,Q06132,SGD1_YEAST,SGD1,2,2,2,0,3,Saccharomyces cerevisiae S288C
1454943,P61830,H3_YEAST,H3,HHT2,P24279,MCM3_YEAST,MCM3,2,2,2,0,3,Saccharomyces cerevisiae S288C
1454945,P61830,H3_YEAST,H3,HHT2,Q04779,RCO1_YEAST,RCO1,5,3,5,0,8,Saccharomyces cerevisiae S288C
1454946,P61830,H3_YEAST,H3,HHT2,P25293,NAP1_YEAST,NAP1,5,2,4,0,10,Saccharomyces cerevisiae S288C
1454947,P61830,H3_YEAST,H3,HHT2,P53115,INO80_YEAST,INO80,4,3,4,0,6,Saccharomyces cerevisiae S288C
1454948,P61830,H3_YEAST,H3,HHT2,P43596,IOC3_YEAST,IOC3,2,2,2,0,2,Saccharomyces cerevisiae S288C
1454949,P61830,H3_YEAST,H3,HHT2,P29469,MCM2_YEAST,MCM2,3,3,2,0,7,Saccharomyces cerevisiae S288C
1454950,P61830,H3_YEAST,H3,HHT2,Q06639,RSC3_YEAST,RSC3,2,2,2,0,3,Saccharomyces cerevisiae S288C
1454951,P61830,H3_YEAST,H3,HHT2,P19454,CSK22_YEAST,CKA2,5,3,4,0,11,Saccharomyces cerevisiae S288C
1454952,P61830,H3_YEAST,H3,HHT2,P32597,STH1_YEAST,STH1,7,6,4,0,11,Saccharomyces cerevisiae S288C
1762352,P61830,H3_YEAST,H3,HHT2,P38204,RRN10_YEAST,RRN10,4,2,3,0,5,Saccharomyces cerevisiae S288C
1762353,P61830,H3_YEAST,H3,HHT2,Q08747,UAF30_YEAST,UAF30,3,1,3,0,4,Saccharomyces cerevisiae S288C
1762354,P61830,H3_YEAST,H3,HHT2,Q02983,RRN5_YEAST,RRN5,4,1,4,0,7,Saccharomyces cerevisiae S288C
1762355,P61830,H3_YEAST,H3,HHT2,P53437,RRN9_YEAST,RRN9,4,2,3,0,5,Saccharomyces cerevisiae S288C
1772360,P61830,H3_YEAST,H3,HHT2,P32494,NGG1_YEAST,NGG1,2,1,2,0,3,Saccharomyces cerevisiae S288C
1796692,P61830,H3_YEAST,H3,HHT2,Q02100,SKO1_YEAST,SKO1,2,3,1,0,4,Saccharomyces cerevisiae S288C
1796693,P61830,H3_YEAST,H3,HHT2,P53950,VAC7_YEAST,VAC7,2,3,1,0,4,Saccharomyces cerevisiae S288C
1801739,P61830,H3_YEAST,H3,HHT2,P38890,SET5_YEAST,SET5,3,3,1,0,5,Saccharomyces cerevisiae S288C
1801874,P61830,H3_YEAST,H3,HHT2,P53853,VPS75_YEAST,VPS75,3,3,3,0,6,Saccharomyces cerevisiae S288C
1801875,P61830,H3_YEAST,H3,HHT2,Q07794,RT109_YEAST,RTT109,15,4,13,0,28,Saccharomyces cerevisiae S288C
1801890,P61830,H3_YEAST,H3,HHT2,Q02884,ELP4_YEAST,ELP4,2,2,1,0,3,Saccharomyces cerevisiae S288C
1801891,P61830,H3_YEAST,H3,HHT2,P38874,ELP5_YEAST,IKI1,2,2,1,0,3,Saccharomyces cerevisiae S288C
1801892,P61830,H3_YEAST,H3,HHT2,Q04868,ELP6_YEAST,ELP6,2,2,1,0,3,Saccharomyces cerevisiae S288C
1809592,P61830,H3_YEAST,H3,HHT2,P12612,TCPA_YEAST,TCP1,2,2,2,0,3,Saccharomyces cerevisiae S288C
1829798,P61830,H3_YEAST,H3,HHT2,P39984,HAT2_YEAST,HAT2,4,3,4,1,55,Saccharomyces cerevisiae S288C
1829803,P61830,H3_YEAST,H3,HHT2,P25694,CDC48_YEAST,CDC48,2,2,1,0,9,Saccharomyces cerevisiae S288C
1829804,P61830,H3_YEAST,H3,HHT2,P17536,TPM1_YEAST,TPM1,2,2,1,0,3,Saccharomyces cerevisiae S288C
1829808,P61830,H3_YEAST,H3,HHT2,Q12161,PSH1_YEAST,PSH1,5,2,4,0,42,Saccharomyces cerevisiae S288C
1830061,P61830,H3_YEAST,H3,HHT2,P40090,SCC4_YEAST,SCC4,2,2,1,0,5,Saccharomyces cerevisiae S288C
1830283,P61830,H3_YEAST,H3,HHT2,Q00947,STP1_YEAST,STP1,2,2,1,0,2,Saccharomyces cerevisiae S288C
1830546,P61830,H3_YEAST,H3,HHT2,P37263,YC16_YEAST,YCR087C-A,2,2,1,0,2,Saccharomyces cerevisiae S288C
1830681,P61830,H3_YEAST,H3,HHT2,P27705,MIG1_YEAST,MIG1,2,2,1,0,2,Saccharomyces cerevisiae S288C
1830963,P61830,H3_YEAST,H3,HHT2,P07270,PHO4_YEAST,PHO4,2,2,1,0,2,Saccharomyces cerevisiae S288C
1831577,P61830,H3_YEAST,H3,HHT2,P38251,RFC5_YEAST,RFC5,3,2,2,0,4,Saccharomyces cerevisiae S288C
1831929,P61830,H3_YEAST,H3,HHT2,P53251,SLX9_YEAST,SLX9,2,2,1,0,3,Saccharomyces cerevisiae S288C
1831932,P61830,H3_YEAST,H3,HHT2,P49955,SF3B1_YEAST,HSH155,3,2,2,0,5,Saccharomyces cerevisiae S288C
1831935,P61830,H3_YEAST,H3,HHT2,P32445,RIM1_YEAST,RIM1,3,2,2,0,5,Saccharomyces cerevisiae S288C
1831936,P61830,H3_YEAST,H3,HHT2,P06787,CALM_YEAST,CMD1,2,2,1,0,2,Saccharomyces cerevisiae S288C
1832183,P61830,H3_YEAST,H3,HHT2,Q05050,EIS1_YEAST,EIS1,3,2,2,0,6,Saccharomyces cerevisiae S288C
1832566,P61830,H3_YEAST,H3,HHT2,P32325,DBF4_YEAST,DBF4,2,2,1,0,2,Saccharomyces cerevisiae S288C
2308394,P61830,H3_YEAST,H3,HHT2,Q04089,DOT1_YEAST,DOT1,10,4,8,0,19,Saccharomyces cerevisiae S288C
2308511,P61830,H3_YEAST,H3,HHT2,P18480,SNF5_YEAST,SNF5,3,2,3,0,4,Saccharomyces cerevisiae S288C
2319397,P61830,H3_YEAST,H3,HHT2,P38074,HMT1_YEAST,HMT1,2,2,2,0,3,Saccharomyces cerevisiae S288C
2319577,P61830,H3_YEAST,H3,HHT2,P38806,YNG2_YEAST,YNG2,3,3,4,0,11,Saccharomyces cerevisiae S288C
2319578,P61830,H3_YEAST,H3,HHT2,P50947,PHO23_YEAST,PHO23,3,2,4,0,11,Saccharomyces cerevisiae S288C
2319685,P61830,H3_YEAST,H3,HHT2,P36106,BYE1_YEAST,BYE1,2,2,2,0,8,Saccharomyces cerevisiae S288C
2319686,P61830,H3_YEAST,H3,HHT2,Q08923,CTI6_YEAST,CTI6,2,1,2,0,8,Saccharomyces cerevisiae S288C
2319693,P61830,H3_YEAST,H3,HHT2,P32591,SWI3_YEAST,SWI3,3,2,3,0,6,Saccharomyces cerevisiae S288C
2328593,P61830,H3_YEAST,H3,HHT2,P09547,SWI1_YEAST,SWI1,2,2,2,0,4,Saccharomyces cerevisiae S288C
2328594,P61830,H3_YEAST,H3,HHT2,P43554,SWP82_YEAST,SWP82,2,1,2,0,3,Saccharomyces cerevisiae S288C
2328607,P61830,H3_YEAST,H3,HHT2,Q03010,UME1_YEAST,UME1,3,2,3,0,5,Saccharomyces cerevisiae S288C
2328919,P61830,H3_YEAST,H3,HHT2,Q12510,CMR1_YEAST,CMR1,2,2,1,0,4,Saccharomyces cerevisiae S288C
2328921,P61830,H3_YEAST,H3,HHT2,P26754,RFA2_YEAST,RFA2,3,2,2,0,4,Saccharomyces cerevisiae S288C
2328922,P61830,H3_YEAST,H3,HHT2,Q04437,KU80_YEAST,YKU80,2,1,2,0,3,Saccharomyces cerevisiae S288C
2328923,P61830,H3_YEAST,H3,HHT2,P22139,RPAB5_YEAST,RPB10,2,1,2,0,3,Saccharomyces cerevisiae S288C
2328929,P61830,H3_YEAST,H3,HHT2,P32349,RPC3_YEAST,RPC82,2,1,2,0,3,Saccharomyces cerevisiae S288C
2328945,P61830,H3_YEAST,H3,HHT2,P40422,RPAB4_YEAST,RPC10,2,1,2,0,3,Saccharomyces cerevisiae S288C
2328947,P61830,H3_YEAST,H3,HHT2,P38313,CENPU_YEAST,AME1,2,1,2,0,3,Saccharomyces cerevisiae S288C
2328964,P61830,H3_YEAST,H3,HHT2,P04050,RPB1_YEAST,RPO21,2,1,2,0,3,Saccharomyces cerevisiae S288C
2328967,P61830,H3_YEAST,H3,HHT2,Q06337,EAF1_YEAST,EAF1,5,2,3,0,12,Saccharomyces cerevisiae S288C
2328980,P61830,H3_YEAST,H3,HHT2,P25586,KRR1_YEAST,KRR1,2,1,2,0,3,Saccharomyces cerevisiae S288C
2329052,P61830,H3_YEAST,H3,HHT2,P31380,FUN30_YEAST,FUN30,2,2,2,0,3,Saccharomyces cerevisiae S288C
2329069,P61830,H3_YEAST,H3,HHT2,P42945,UTP10_YEAST,UTP10,2,1,2,0,3,Saccharomyces cerevisiae S288C
2329177,P61830,H3_YEAST,H3,HHT2,P53930,AF9_YEAST,YAF9,4,3,4,0,7,Saccharomyces cerevisiae S288C
2330252,P61830,H3_YEAST,H3,HHT2,P08518,RPB2_YEAST,RPB2,2,1,2,0,2,Saccharomyces cerevisiae S288C
2330262,P61830,H3_YEAST,H3,HHT2,P23615,SPT6_YEAST,SPT6,3,2,3,0,5,Saccharomyces cerevisiae S288C
2335198,P61830,H3_YEAST,H3,HHT2,Q12334,SCM3_YEAST,SCM3,2,2,2,0,3,Saccharomyces cerevisiae S288C
1413145,Q12692,H2AZ_YEAST,H2B,HTZ1,Q9Y230,RUVB2_HUMAN,RUVBL2,2,2,1,0,2,Saccharomyces cerevisiae S288C
1413146,Q12692,H2AZ_YEAST,H2B,HTZ1,O96019,ACL6A_HUMAN,ACTL6A,2,2,1,0,2,Saccharomyces cerevisiae S288C
1413147,Q12692,H2AZ_YEAST,H2B,HTZ1,Q9Y265,RUVB1_HUMAN,RUVBL1,2,2,1,0,2,Saccharomyces cerevisiae S288C
1455322,Q12692,H2AZ_YEAST,H2B,HTZ1,P38326,SWC5_YEAST,SWC5,5,3,3,0,8,Saccharomyces cerevisiae S288C
1455324,Q12692,H2AZ_YEAST,H2B,HTZ1,P80428,ARP4_YEAST,ARP4,9,3,7,0,12,Saccharomyces cerevisiae S288C
1455325,Q12692,H2AZ_YEAST,H2B,HTZ1,P40340,TBP7_YEAST,YTA7,2,2,2,0,5,Saccharomyces cerevisiae S288C
1455327,Q12692,H2AZ_YEAST,H2B,HTZ1,Q12464,RUVB2_YEAST,RVB2,8,3,6,0,11,Saccharomyces cerevisiae S288C
1455333,Q12692,H2AZ_YEAST,H2B,HTZ1,Q12072,IOC2_YEAST,IOC2,2,2,2,0,3,Saccharomyces cerevisiae S288C
1455336,Q12692,H2AZ_YEAST,H2B,HTZ1,P53551,H1_YEAST,HHO1,4,4,4,0,6,Saccharomyces cerevisiae S288C
1455337,Q12692,H2AZ_YEAST,H2B,HTZ1,Q06205,FKBP4_YEAST,FPR4,2,2,2,0,3,Saccharomyces cerevisiae S288C
1455338,Q12692,H2AZ_YEAST,H2B,HTZ1,Q05471,SWR1_YEAST,SWR1,14,5,11,0,22,Saccharomyces cerevisiae S288C
1455339,Q12692,H2AZ_YEAST,H2B,HTZ1,Q03433,VPS71_YEAST,VPS71,8,3,5,0,12,Saccharomyces cerevisiae S288C
1455340,Q12692,H2AZ_YEAST,H2B,HTZ1,P47035,NET1_YEAST,NET1,2,2,2,0,3,Saccharomyces cerevisiae S288C
1455342,Q12692,H2AZ_YEAST,H2B,HTZ1,Q03940,RUVB1_YEAST,RVB1,9,3,7,0,12,Saccharomyces cerevisiae S288C
1455345,Q12692,H2AZ_YEAST,H2B,HTZ1,P38144,ISW1_YEAST,ISW1,2,2,2,0,3,Saccharomyces cerevisiae S288C
1455346,Q12692,H2AZ_YEAST,H2B,HTZ1,P53201,SWC4_YEAST,SWC4,8,3,6,0,13,Saccharomyces cerevisiae S288C
1455347,Q12692,H2AZ_YEAST,H2B,HTZ1,P53067,IMB5_YEAST,KAP114,7,2,5,0,14,Saccharomyces cerevisiae S288C
1455351,Q12692,H2AZ_YEAST,H2B,HTZ1,Q12509,ARP6_YEAST,ARP6,5,3,4,0,7,Saccharomyces cerevisiae S288C
1455352,Q12692,H2AZ_YEAST,H2B,HTZ1,P40069,IMB4_YEAST,KAP123,2,2,2,0,2,Saccharomyces cerevisiae S288C
1455360,Q12692,H2AZ_YEAST,H2B,HTZ1,P25293,NAP1_YEAST,NAP1,16,3,13,0,36,Saccharomyces cerevisiae S288C
1455363,Q12692,H2AZ_YEAST,H2B,HTZ1,P35817,BDF1_YEAST,BDF1,7,3,5,0,11,Saccharomyces cerevisiae S288C
1455376,Q12692,H2AZ_YEAST,H2B,HTZ1,P31376,SWC3_YEAST,SWC3,7,3,5,0,10,Saccharomyces cerevisiae S288C
1455379,Q12692,H2AZ_YEAST,H2B,HTZ1,Q12030,TAF10_YEAST,TAF10,2,2,2,0,2,Saccharomyces cerevisiae S288C
1455382,Q12692,H2AZ_YEAST,H2B,HTZ1,P13393,TBP_YEAST,SPT15,2,2,2,0,2,Saccharomyces cerevisiae S288C
1455387,Q12692,H2AZ_YEAST,H2B,HTZ1,P38811,TRA1_YEAST,TRA1,3,2,2,0,4,Saccharomyces cerevisiae S288C
1455389,Q12692,H2AZ_YEAST,H2B,HTZ1,P60010,ACT_YEAST,ACT1,7,3,5,0,11,Saccharomyces cerevisiae S288C
1455391,Q12692,H2AZ_YEAST,H2B,HTZ1,P47069,MPS3_YEAST,MPS3,7,4,6,0,11,Saccharomyces cerevisiae S288C
1455394,Q12692,H2AZ_YEAST,H2B,HTZ1,Q03388,VPS72_YEAST,VPS72,11,4,7,0,17,Saccharomyces cerevisiae S288C
1455395,Q12692,H2AZ_YEAST,H2B,HTZ1,P53330,RT102_YEAST,RTT102,2,2,2,0,2,Saccharomyces cerevisiae S288C
1455398,Q12692,H2AZ_YEAST,H2B,HTZ1,P32558,SPT16_YEAST,SPT16,3,3,2,0,4,Saccharomyces cerevisiae S288C
1772576,Q12692,H2AZ_YEAST,H2B,HTZ1,P53930,AF9_YEAST,YAF9,6,3,4,0,8,Saccharomyces cerevisiae S288C
1773139,Q12692,H2AZ_YEAST,H2B,HTZ1,Q06707,SWC7_YEAST,SWC7,3,2,2,0,5,Saccharomyces cerevisiae S288C
1773154,Q12692,H2AZ_YEAST,H2B,HTZ1,P43572,EPL1_YEAST,EPL1,3,2,2,0,4,Saccharomyces cerevisiae S288C
1801944,Q12692,H2AZ_YEAST,H2B,HTZ1,P53973,HDA1_YEAST,HDA1,3,2,2,0,3,Saccharomyces cerevisiae S288C
1831976,Q12692,H2AZ_YEAST,H2B,HTZ1,P46655,SYEC_YEAST,GUS1,2,2,1,0,2,Saccharomyces cerevisiae S288C
2374811,Q12692,H2AZ_YEAST,H2B,HTZ1,Q02574,MEC3_YEAST,MEC3,1,1,1,0,1,Saccharomyces cerevisiae S288C
2316919,P04911,H2A1_YEAST,H2A,HTA1,P04386,GAL4_YEAST,GAL4,1,1,1,0,1,Saccharomyces cerevisiae S288C
1769032,P02309,H4_YEAST,H4,HHF2,P05317,RLA0_YEAST,RPP0,4,3,2,0,6,Saccharomyces cerevisiae S288C
1829885,P02294,H2B2_YEAST,H2B,HTB2,P05694,METE_YEAST,MET6,2,2,1,0,3,Saccharomyces cerevisiae S288C
2327180,P02293,H2B1_YEAST,H2B,HTB1,P06104,UBC2_YEAST,RAD6,2,2,1,0,2,Saccharomyces cerevisiae S288C
2330352,P02294,H2B2_YEAST,H2B,HTB2,P06104,UBC2_YEAST,RAD6,2,1,2,0,2,Saccharomyces cerevisiae S288C
2347925,P02294,H2B2_YEAST,H2B,HTB2,P06105,SC160_YEAST,SCP160,2,2,2,0,2,Saccharomyces cerevisiae S288C
1456340,P02309,H4_YEAST,H4,HHF2,P06700,SIR2_YEAST,SIR2,7,5,7,0,12,Saccharomyces cerevisiae S288C
2310298,P61830,H3_YEAST,H3,HHT2,P06700,SIR2_YEAST,SIR2,5,3,5,0,12,Saccharomyces cerevisiae S288C
1456343,P61830,H3_YEAST,H3,HHT2,P06701,SIR3_YEAST,SIR3,18,5,15,0,32,Saccharomyces cerevisiae S288C
1456345,P02309,H4_YEAST,H4,HHF2,P06701,SIR3_YEAST,SIR3,18,7,15,0,30,Saccharomyces cerevisiae S288C
1456348,P04912,H2A2_YEAST,H2A,HTA2,P06701,SIR3_YEAST,SIR3,4,4,3,0,4,Saccharomyces cerevisiae S288C
1456351,P02294,H2B2_YEAST,H2B,HTB2,P06701,SIR3_YEAST,SIR3,2,2,2,0,2,Saccharomyces cerevisiae S288C
2307031,P04911,H2A1_YEAST,H2A,HTA1,P06701,SIR3_YEAST,SIR3,4,2,3,0,4,Saccharomyces cerevisiae S288C
2310236,P61830,H3_YEAST,H3,HHT2,P06782,SNF1_YEAST,SNF1,2,2,1,0,2,Saccharomyces cerevisiae S288C
1801134,P61830,H3_YEAST,H3,HHT2,P06784,STE7_YEAST,STE7,2,2,1,0,2,Saccharomyces cerevisiae S288C
1456664,P61830,H3_YEAST,H3,HHT2,P09959,SWI6_YEAST,SWI6,2,2,2,0,3,Saccharomyces cerevisiae S288C
1762973,P02294,H2B2_YEAST,H2B,HTB2,P0CY06,MTAL1_YEAST,MATALPHA1,1,1,1,0,2,Saccharomyces cerevisiae S288C
1791937,P02309,H4_YEAST,H4,HHF2,P10080,SSBP1_YEAST,SBP1,2,2,1,0,2,Saccharomyces cerevisiae S288C
1829858,P04912,H2A2_YEAST,H2A,HTA2,P10081,IF4A_YEAST,TIF2,2,2,1,0,3,Saccharomyces cerevisiae S288C
1831918,P02309,H4_YEAST,H4,HHF2,P11353,HEM6_YEAST,HEM13,2,2,1,0,2,Saccharomyces cerevisiae S288C
1831920,P04912,H2A2_YEAST,H2A,HTA2,P11353,HEM6_YEAST,HEM13,2,2,1,0,2,Saccharomyces cerevisiae S288C
1811177,Q12692,H2AZ_YEAST,H2B,HTZ1,P11484,SSB1_YEAST,SSB1,2,2,1,0,4,Saccharomyces cerevisiae S288C
1790193,P02293,H2B1_YEAST,H2B,HTB1,P11632,NHP6A_YEAST,NHP6A,3,3,3,0,3,Saccharomyces cerevisiae S288C
1790194,P04912,H2A2_YEAST,H2A,HTA2,P11632,NHP6A_YEAST,NHP6A,2,2,2,0,2,Saccharomyces cerevisiae S288C
1831933,P61830,H3_YEAST,H3,HHT2,P11632,NHP6A_YEAST,NHP6A,3,3,2,0,6,Saccharomyces cerevisiae S288C
1833663,Q12692,H2AZ_YEAST,H2B,HTZ1,P11632,NHP6A_YEAST,NHP6A,1,2,1,0,2,Saccharomyces cerevisiae S288C
2317390,P02309,H4_YEAST,H4,HHF2,P11632,NHP6A_YEAST,NHP6A,1,1,1,0,2,Saccharomyces cerevisiae S288C
2317391,P04911,H2A1_YEAST,H2A,HTA1,P11632,NHP6A_YEAST,NHP6A,2,2,2,0,2,Saccharomyces cerevisiae S288C
2317392,P02294,H2B2_YEAST,H2B,HTB2,P11632,NHP6A_YEAST,NHP6A,1,1,1,0,1,Saccharomyces cerevisiae S288C
2317400,P61830,H3_YEAST,H3,HHT2,P11633,NHP6B_YEAST,NHP6B,2,2,1,0,4,Saccharomyces cerevisiae S288C
2317401,P02309,H4_YEAST,H4,HHF2,P11633,NHP6B_YEAST,NHP6B,2,2,1,0,4,Saccharomyces cerevisiae S288C
2317402,P04911,H2A1_YEAST,H2A,HTA1,P11633,NHP6B_YEAST,NHP6B,2,2,1,0,2,Saccharomyces cerevisiae S288C
2317403,P04912,H2A2_YEAST,H2A,HTA2,P11633,NHP6B_YEAST,NHP6B,2,2,1,0,2,Saccharomyces cerevisiae S288C
2317404,P02293,H2B1_YEAST,H2B,HTB1,P11633,NHP6B_YEAST,NHP6B,2,2,1,0,2,Saccharomyces cerevisiae S288C
2317405,P02294,H2B2_YEAST,H2B,HTB2,P11633,NHP6B_YEAST,NHP6B,2,2,1,0,2,Saccharomyces cerevisiae S288C
1455556,P02309,H4_YEAST,H4,HHF2,P11746,MCM1_YEAST,MCM1,4,2,3,0,4,Saccharomyces cerevisiae S288C
2307618,P02309,H4_YEAST,H4,HHF2,P11978,SIR4_YEAST,SIR4,6,4,5,0,8,Saccharomyces cerevisiae S288C
2307619,P61830,H3_YEAST,H3,HHT2,P11978,SIR4_YEAST,SIR4,3,3,3,0,5,Saccharomyces cerevisiae S288C
2330038,P02309,H4_YEAST,H4,HHF2,P12868,PEP5_YEAST,PEP5,2,2,1,0,2,Saccharomyces cerevisiae S288C
1782069,P02309,H4_YEAST,H4,HHF2,P13393,TBP_YEAST,SPT15,2,2,1,0,2,Saccharomyces cerevisiae S288C
2319573,P61830,H3_YEAST,H3,HHT2,P13712,MSI1_YEAST,MSI1,3,2,3,0,5,Saccharomyces cerevisiae S288C
1766671,P02294,H2B2_YEAST,H2B,HTB2,P13902,INO4_YEAST,INO4,2,2,1,0,3,Saccharomyces cerevisiae S288C
1766672,P02293,H2B1_YEAST,H2B,HTB1,P13902,INO4_YEAST,INO4,2,2,1,0,3,Saccharomyces cerevisiae S288C
1766674,P02309,H4_YEAST,H4,HHF2,P13902,INO4_YEAST,INO4,2,2,1,0,5,Saccharomyces cerevisiae S288C
1782929,P02309,H4_YEAST,H4,HHF2,P14164,ABF1_YEAST,ABF1,2,2,2,0,3,Saccharomyces cerevisiae S288C
1454294,P02309,H4_YEAST,H4,HHF2,P14832,CYPH_YEAST,CPR1,4,3,3,0,6,Saccharomyces cerevisiae S288C
1766930,P02293,H2B1_YEAST,H2B,HTB1,P14904,AMPL_YEAST,APE1,2,2,1,0,3,Saccharomyces cerevisiae S288C
1766933,P61830,H3_YEAST,H3,HHT2,P14904,AMPL_YEAST,APE1,2,2,1,0,3,Saccharomyces cerevisiae S288C
1775126,Q12692,H2AZ_YEAST,H2B,HTZ1,P15108,HSC82_YEAST,HSC82,3,2,3,0,3,Saccharomyces cerevisiae S288C
1765356,P02294,H2B2_YEAST,H2B,HTB2,P15790,CSK21_YEAST,CKA1,3,2,2,0,4,Saccharomyces cerevisiae S288C
1765357,P04911,H2A1_YEAST,H2A,HTA1,P15790,CSK21_YEAST,CKA1,2,2,1,0,3,Saccharomyces cerevisiae S288C
1821659,P04912,H2A2_YEAST,H2A,HTA2,P16474,GRP78_YEAST,KAR2,3,2,2,0,5,Saccharomyces cerevisiae S288C
2307649,P02309,H4_YEAST,H4,HHF2,P16649,TUP1_YEAST,TUP1,2,2,1,0,2,Saccharomyces cerevisiae S288C
2307650,P61830,H3_YEAST,H3,HHT2,P16649,TUP1_YEAST,TUP1,2,2,1,0,2,Saccharomyces cerevisiae S288C
2355305,P61830,H3_YEAST,H3,HHT2,P17106,CBF1_YEAST,CBF1,1,1,1,0,1,Saccharomyces cerevisiae S288C
2355306,P04911,H2A1_YEAST,H2A,HTA1,P17106,CBF1_YEAST,CBF1,1,1,1,0,1,Saccharomyces cerevisiae S288C
1770263,P02293,H2B1_YEAST,H2B,HTB1,P18412,TEC1_YEAST,TEC1,2,2,1,0,3,Saccharomyces cerevisiae S288C
1770264,P02309,H4_YEAST,H4,HHF2,P18412,TEC1_YEAST,TEC1,2,2,1,0,5,Saccharomyces cerevisiae S288C
1781470,P02309,H4_YEAST,H4,HHF2,P18888,SNF6_YEAST,SNF6,3,3,2,0,4,Saccharomyces cerevisiae S288C
2328459,P02309,H4_YEAST,H4,HHF2,P19263,MED14_YEAST,RGR1,2,1,2,0,4,Saccharomyces cerevisiae S288C
2328463,P61830,H3_YEAST,H3,HHT2,P19263,MED14_YEAST,RGR1,2,2,2,0,4,Saccharomyces cerevisiae S288C
1829879,P02293,H2B1_YEAST,H2B,HTB1,P20485,KICH_YEAST,CKI1,2,2,1,0,5,Saccharomyces cerevisiae S288C
1829881,P02294,H2B2_YEAST,H2B,HTB2,P20485,KICH_YEAST,CKI1,2,2,1,0,2,Saccharomyces cerevisiae S288C
1784502,P02309,H4_YEAST,H4,HHF2,P21538,REB1_YEAST,REB1,3,2,2,0,3,Saccharomyces cerevisiae S288C
2355303,P61830,H3_YEAST,H3,HHT2,P21538,REB1_YEAST,REB1,1,1,1,0,1,Saccharomyces cerevisiae S288C
2355304,P04911,H2A1_YEAST,H2A,HTA1,P21538,REB1_YEAST,REB1,1,1,1,0,1,Saccharomyces cerevisiae S288C
1768870,P02293,H2B1_YEAST,H2B,HTB1,P21672,RIR3_YEAST,RNR3,2,2,1,0,3,Saccharomyces cerevisiae S288C
2314776,P04911,H2A1_YEAST,H2A,HTA1,P21827,RCC1_YEAST,SRM1,2,2,2,0,2,Saccharomyces cerevisiae S288C
2314777,P04912,H2A2_YEAST,H2A,HTA2,P21827,RCC1_YEAST,SRM1,2,2,2,0,2,Saccharomyces cerevisiae S288C
2314780,P61830,H3_YEAST,H3,HHT2,P21827,RCC1_YEAST,SRM1,2,2,2,0,4,Saccharomyces cerevisiae S288C
2314781,P02309,H4_YEAST,H4,HHF2,P21827,RCC1_YEAST,SRM1,2,2,2,0,4,Saccharomyces cerevisiae S288C
2316070,P61830,H3_YEAST,H3,HHT2,P22082,SNF2_YEAST,SNF2,3,2,3,0,5,Saccharomyces cerevisiae S288C
1767072,P02294,H2B2_YEAST,H2B,HTB2,P22134,MAG_YEAST,MAG1,2,2,1,0,3,Saccharomyces cerevisiae S288C
1767073,P61830,H3_YEAST,H3,HHT2,P22134,MAG_YEAST,MAG1,2,2,1,0,4,Saccharomyces cerevisiae S288C
1768437,P04912,H2A2_YEAST,H2A,HTA2,P22216,RAD53_YEAST,RAD53,2,2,1,0,3,Saccharomyces cerevisiae S288C
2308409,P61830,H3_YEAST,H3,HHT2,P22216,RAD53_YEAST,RAD53,2,1,2,0,3,Saccharomyces cerevisiae S288C
2308410,P02309,H4_YEAST,H4,HHF2,P22216,RAD53_YEAST,RAD53,2,1,2,0,3,Saccharomyces cerevisiae S288C
1829805,P61830,H3_YEAST,H3,HHT2,P22336,RFA1_YEAST,RFA1,6,2,5,0,12,Saccharomyces cerevisiae S288C
2320234,P02293,H2B1_YEAST,H2B,HTB1,P22336,RFA1_YEAST,RFA1,2,1,2,0,2,Saccharomyces cerevisiae S288C
2320237,P02309,H4_YEAST,H4,HHF2,P22336,RFA1_YEAST,RFA1,3,1,3,0,5,Saccharomyces cerevisiae S288C
1456291,P04912,H2A2_YEAST,H2A,HTA2,P22579,SIN3_YEAST,SIN3,5,2,3,0,5,Saccharomyces cerevisiae S288C
1456301,P02294,H2B2_YEAST,H2B,HTB2,P22579,SIN3_YEAST,SIN3,2,2,2,0,2,Saccharomyces cerevisiae S288C
1456309,P02309,H4_YEAST,H4,HHF2,P22579,SIN3_YEAST,SIN3,4,2,3,0,5,Saccharomyces cerevisiae S288C
1456316,P61830,H3_YEAST,H3,HHT2,P22579,SIN3_YEAST,SIN3,4,3,4,0,6,Saccharomyces cerevisiae S288C
1782209,P04911,H2A1_YEAST,H2A,HTA1,P23394,PRP28_YEAST,PRP28,3,2,2,0,4,Saccharomyces cerevisiae S288C
1767831,P04912,H2A2_YEAST,H2A,HTA2,P23595,PP2A2_YEAST,PPH22,2,2,1,0,3,Saccharomyces cerevisiae S288C
1767290,P02294,H2B2_YEAST,H2B,HTB2,P23748,MPIP_YEAST,MIH1,2,2,1,0,3,Saccharomyces cerevisiae S288C
1766329,P02294,H2B2_YEAST,H2B,HTB2,P24814,GRR1_YEAST,GRR1,2,2,1,0,3,Saccharomyces cerevisiae S288C
1761132,P04911,H2A1_YEAST,H2A,HTA1,P25293,NAP1_YEAST,NAP1,17,7,13,0,22,Saccharomyces cerevisiae S288C
2307343,P02309,H4_YEAST,H4,HHF2,P25293,NAP1_YEAST,NAP1,4,3,3,0,5,Saccharomyces cerevisiae S288C
1789638,P04911,H2A1_YEAST,H2A,HTA1,P25298,RNA14_YEAST,RNA14,4,2,2,0,4,Saccharomyces cerevisiae S288C
1789639,P02309,H4_YEAST,H4,HHF2,P25298,RNA14_YEAST,RNA14,3,2,2,0,3,Saccharomyces cerevisiae S288C
1767384,P02293,H2B1_YEAST,H2B,HTB1,P25336,MSH3_YEAST,MSH3,2,2,1,0,3,Saccharomyces cerevisiae S288C
1803014,P02294,H2B2_YEAST,H2B,HTB2,P25554,SGF29_YEAST,SGF29,2,2,1,0,2,Saccharomyces cerevisiae S288C
1803018,P04912,H2A2_YEAST,H2A,HTA2,P25554,SGF29_YEAST,SGF29,2,2,1,0,2,Saccharomyces cerevisiae S288C
2326572,P61830,H3_YEAST,H3,HHT2,P25554,SGF29_YEAST,SGF29,3,3,2,0,6,Saccharomyces cerevisiae S288C
1778514,P04912,H2A2_YEAST,H2A,HTA2,P25635,PWP2_YEAST,PWP2,4,2,3,0,4,Saccharomyces cerevisiae S288C
1778515,P02309,H4_YEAST,H4,HHF2,P25635,PWP2_YEAST,PWP2,3,2,2,0,4,Saccharomyces cerevisiae S288C
1767236,P02293,H2B1_YEAST,H2B,HTB1,P26188,MGMT_YEAST,MGT1,2,2,1,0,4,Saccharomyces cerevisiae S288C
1767239,P61830,H3_YEAST,H3,HHT2,P26188,MGMT_YEAST,MGT1,2,2,1,0,3,Saccharomyces cerevisiae S288C
1768619,P02293,H2B1_YEAST,H2B,HTB1,P26754,RFA2_YEAST,RFA2,4,3,3,0,5,Saccharomyces cerevisiae S288C
1832844,P61830,H3_YEAST,H3,HHT2,P27999,RPB9_YEAST,RPB9,1,2,1,0,2,Saccharomyces cerevisiae S288C
1768898,P02309,H4_YEAST,H4,HHF2,P28000,RPAC2_YEAST,RPC19,2,2,1,0,3,Saccharomyces cerevisiae S288C
1801898,P02309,H4_YEAST,H4,HHF2,P28007,GAR1_YEAST,GAR1,2,2,1,0,3,Saccharomyces cerevisiae S288C
1801899,P02294,H2B2_YEAST,H2B,HTB2,P28007,GAR1_YEAST,GAR1,2,2,1,0,2,Saccharomyces cerevisiae S288C
1801900,P02293,H2B1_YEAST,H2B,HTB1,P28007,GAR1_YEAST,GAR1,2,2,1,0,2,Saccharomyces cerevisiae S288C
1830392,P04912,H2A2_YEAST,H2A,HTA2,P28263,UBC8_YEAST,UBC8,2,2,1,0,2,Saccharomyces cerevisiae S288C
1766517,P02309,H4_YEAST,H4,HHF2,P29295,HRR25_YEAST,HRR25,2,2,1,0,3,Saccharomyces cerevisiae S288C
2339658,P02294,H2B2_YEAST,H2B,HTB2,P29469,MCM2_YEAST,MCM2,2,2,1,0,3,Saccharomyces cerevisiae S288C
2319769,P61830,H3_YEAST,H3,HHT2,P30665,MCM4_YEAST,MCM4,2,1,2,0,3,Saccharomyces cerevisiae S288C
2319770,P02309,H4_YEAST,H4,HHF2,P30665,MCM4_YEAST,MCM4,2,1,2,0,3,Saccharomyces cerevisiae S288C
1768219,P02309,H4_YEAST,H4,HHF2,P31244,RAD16_YEAST,RAD16,3,3,2,0,6,Saccharomyces cerevisiae S288C
1768225,Q12692,H2AZ_YEAST,H2B,HTZ1,P31244,RAD16_YEAST,RAD16,2,2,1,0,3,Saccharomyces cerevisiae S288C
1768226,P02294,H2B2_YEAST,H2B,HTB2,P31244,RAD16_YEAST,RAD16,3,2,2,0,4,Saccharomyces cerevisiae S288C
1810637,P02309,H4_YEAST,H4,HHF2,P31539,HS104_YEAST,HSP104,2,2,2,0,2,Saccharomyces cerevisiae S288C
1829856,P04912,H2A2_YEAST,H2A,HTA2,P32325,DBF4_YEAST,DBF4,2,2,1,0,3,Saccharomyces cerevisiae S288C
1829802,P61830,H3_YEAST,H3,HHT2,P32337,IMB3_YEAST,PSE1,5,3,3,0,12,Saccharomyces cerevisiae S288C
1829871,P04912,H2A2_YEAST,H2A,HTA2,P32345,PP4C_YEAST,PPH3,4,2,3,0,8,Saccharomyces cerevisiae S288C
1453888,Q12692,H2AZ_YEAST,H2B,HTZ1,P32447,ASF1_YEAST,ASF1,2,2,2,0,4,Saccharomyces cerevisiae S288C
1453897,P04912,H2A2_YEAST,H2A,HTA2,P32447,ASF1_YEAST,ASF1,3,3,3,0,6,Saccharomyces cerevisiae S288C
1453907,P02294,H2B2_YEAST,H2B,HTB2,P32447,ASF1_YEAST,ASF1,2,2,2,0,4,Saccharomyces cerevisiae S288C
1453932,P02309,H4_YEAST,H4,HHF2,P32447,ASF1_YEAST,ASF1,21,7,19,0,46,Saccharomyces cerevisiae S288C
1453940,P61830,H3_YEAST,H3,HHT2,P32447,ASF1_YEAST,ASF1,33,9,30,0,82,Saccharomyces cerevisiae S288C
1454970,P61830,H3_YEAST,H3,HHT2,P32479,HIR1_YEAST,HIR1,4,2,4,0,5,Saccharomyces cerevisiae S288C
1830822,P04912,H2A2_YEAST,H2A,HTA2,P32495,NHP2_YEAST,NHP2,2,2,1,0,4,Saccharomyces cerevisiae S288C
1456474,P02294,H2B2_YEAST,H2B,HTB2,P32558,SPT16_YEAST,SPT16,8,3,6,0,21,Saccharomyces cerevisiae S288C
1456480,P36012,CENPA_YEAST,H3,CSE4,P32558,SPT16_YEAST,SPT16,2,2,2,0,2,Saccharomyces cerevisiae S288C
2326548,P61830,H3_YEAST,H3,HHT2,P32561,RPD3_YEAST,RPD3,4,2,4,0,7,Saccharomyces cerevisiae S288C
2316990,P36012,CENPA_YEAST,H3,CSE4,P32562,CDC5_YEAST,CDC5,4,2,3,0,4,Saccharomyces cerevisiae S288C
1829669,Q12692,H2AZ_YEAST,H2B,HTZ1,P32583,SRP40_YEAST,SRP40,2,2,1,0,3,Saccharomyces cerevisiae S288C
2328461,P02309,H4_YEAST,H4,HHF2,P32585,MED18_YEAST,SRB5,2,1,2,0,4,Saccharomyces cerevisiae S288C
2316130,P61830,H3_YEAST,H3,HHT2,P32588,PUB1_YEAST,PUB1,1,1,1,0,1,Saccharomyces cerevisiae S288C
1829806,P61830,H3_YEAST,H3,HHT2,P32608,RTG2_YEAST,RTG2,2,2,1,0,3,Saccharomyces cerevisiae S288C
1829797,P02309,H4_YEAST,H4,HHF2,P32807,KU70_YEAST,YKU70,3,2,2,0,6,Saccharomyces cerevisiae S288C
1829801,P61830,H3_YEAST,H3,HHT2,P32807,KU70_YEAST,YKU70,3,2,2,0,5,Saccharomyces cerevisiae S288C
2348214,P36012,CENPA_YEAST,H3,CSE4,P32828,SLX5_YEAST,SLX5,3,1,3,0,4,Saccharomyces cerevisiae S288C
1455806,P02309,H4_YEAST,H4,HHF2,P32862,RGT1_YEAST,RGT1,2,2,2,0,3,Saccharomyces cerevisiae S288C
2335263,P02293,H2B1_YEAST,H2B,HTB1,P32944,SWE1_YEAST,SWE1,2,2,1,0,3,Saccharomyces cerevisiae S288C
1455610,P02309,H4_YEAST,H4,HHF2,P33748,MSN2_YEAST,MSN2,2,1,2,0,2,Saccharomyces cerevisiae S288C
1831001,P02294,H2B2_YEAST,H2B,HTB2,P33775,PMT1_YEAST,PMT1,2,2,1,0,2,Saccharomyces cerevisiae S288C
1788755,P04911,H2A1_YEAST,H2A,HTA1,P34160,NCBP1_YEAST,STO1,4,2,2,0,4,Saccharomyces cerevisiae S288C
1456044,P61830,H3_YEAST,H3,HHT2,P34218,SAS3_YEAST,SAS3,7,5,5,0,8,Saccharomyces cerevisiae S288C
1804597,P04911,H2A1_YEAST,H2A,HTA1,P34218,SAS3_YEAST,SAS3,2,2,1,0,2,Saccharomyces cerevisiae S288C
1802788,P04912,H2A2_YEAST,H2A,HTA2,P35177,SPT7_YEAST,SPT7,2,2,1,0,3,Saccharomyces cerevisiae S288C
1802835,P61830,H3_YEAST,H3,HHT2,P35177,SPT7_YEAST,SPT7,3,2,2,0,4,Saccharomyces cerevisiae S288C
2306710,P36012,CENPA_YEAST,H3,CSE4,P35201,CENPC_YEAST,MIF2,5,3,5,0,5,Saccharomyces cerevisiae S288C
1456441,P02294,H2B2_YEAST,H2B,HTB2,P35208,SPT10_YEAST,SPT10,2,2,2,0,2,Saccharomyces cerevisiae S288C
1456445,P02309,H4_YEAST,H4,HHF2,P35208,SPT10_YEAST,SPT10,2,2,2,0,3,Saccharomyces cerevisiae S288C
1456448,P04912,H2A2_YEAST,H2A,HTA2,P35208,SPT10_YEAST,SPT10,2,2,2,0,2,Saccharomyces cerevisiae S288C
1456460,Q12692,H2AZ_YEAST,H2B,HTZ1,P35208,SPT10_YEAST,SPT10,2,2,2,0,2,Saccharomyces cerevisiae S288C
1773209,P02309,H4_YEAST,H4,HHF2,P35817,BDF1_YEAST,BDF1,9,4,7,0,15,Saccharomyces cerevisiae S288C
1791161,P02309,H4_YEAST,H4,HHF2,P36010,NDK_YEAST,YNK1,4,3,2,0,5,Saccharomyces cerevisiae S288C
1776974,P02309,H4_YEAST,H4,HHF2,P36013,MAOM_YEAST,MAE1,3,2,2,0,4,Saccharomyces cerevisiae S288C
1829888,Q12692,H2AZ_YEAST,H2B,HTZ1,P36100,T2EA_YEAST,TFA1,2,2,1,0,4,Saccharomyces cerevisiae S288C
2330035,P02309,H4_YEAST,H4,HHF2,P36113,HEL1_YEAST,HEL1,2,2,1,0,2,Saccharomyces cerevisiae S288C
1456097,P02309,H4_YEAST,H4,HHF2,P36124,SET3_YEAST,SET3,3,3,2,0,3,Saccharomyces cerevisiae S288C
1456131,P61830,H3_YEAST,H3,HHT2,P36124,SET3_YEAST,SET3,4,3,3,0,8,Saccharomyces cerevisiae S288C
1801521,P04911,H2A1_YEAST,H2A,HTA1,P36160,RPF2_YEAST,RPF2,2,2,1,0,2,Saccharomyces cerevisiae S288C
1801523,Q12692,H2AZ_YEAST,H2B,HTZ1,P36160,RPF2_YEAST,RPF2,2,2,1,0,2,Saccharomyces cerevisiae S288C
1801588,P02293,H2B1_YEAST,H2B,HTB1,P36160,RPF2_YEAST,RPF2,2,2,1,0,2,Saccharomyces cerevisiae S288C
1801596,P61830,H3_YEAST,H3,HHT2,P36160,RPF2_YEAST,RPF2,2,2,1,0,3,Saccharomyces cerevisiae S288C
1801604,P02309,H4_YEAST,H4,HHF2,P36160,RPF2_YEAST,RPF2,2,2,1,0,3,Saccharomyces cerevisiae S288C
1830545,P04912,H2A2_YEAST,H2A,HTA2,P37263,YC16_YEAST,YCR087C-A,2,2,1,0,2,Saccharomyces cerevisiae S288C
2310289,P02309,H4_YEAST,H4,HHF2,P38074,HMT1_YEAST,HMT1,4,2,3,0,7,Saccharomyces cerevisiae S288C
1773358,P02293,H2B1_YEAST,H2B,HTB1,P38147,CHK1_YEAST,CHK1,2,2,1,0,2,Saccharomyces cerevisiae S288C
1773359,P02294,H2B2_YEAST,H2B,HTB2,P38147,CHK1_YEAST,CHK1,2,2,1,0,2,Saccharomyces cerevisiae S288C
1773361,P61830,H3_YEAST,H3,HHT2,P38147,CHK1_YEAST,CHK1,2,2,1,0,3,Saccharomyces cerevisiae S288C
1831108,P61830,H3_YEAST,H3,HHT2,P38165,RTG3_YEAST,RTG3,2,2,1,0,3,Saccharomyces cerevisiae S288C
1783610,P02309,H4_YEAST,H4,HHF2,P38199,HEK2_YEAST,HEK2,3,2,2,0,3,Saccharomyces cerevisiae S288C
1766752,P04912,H2A2_YEAST,H2A,HTA2,P38217,IMB2_YEAST,KAP104,2,2,1,0,3,Saccharomyces cerevisiae S288C
2306747,P36012,CENPA_YEAST,H3,CSE4,P38313,CENPU_YEAST,AME1,8,3,7,0,9,Saccharomyces cerevisiae S288C
2348988,P02294,H2B2_YEAST,H2B,HTB2,P38313,CENPU_YEAST,AME1,2,1,2,0,2,Saccharomyces cerevisiae S288C
2348989,P04911,H2A1_YEAST,H2A,HTA1,P38313,CENPU_YEAST,AME1,2,1,2,0,2,Saccharomyces cerevisiae S288C
1782261,P02309,H4_YEAST,H4,HHF2,P38348,HSM3_YEAST,HSM3,3,2,2,0,3,Saccharomyces cerevisiae S288C
2373727,P02293,H2B1_YEAST,H2B,HTB1,P38431,IF5_YEAST,TIF5,1,1,1,0,1,Saccharomyces cerevisiae S288C
1831572,P02309,H4_YEAST,H4,HHF2,P38630,RFC1_YEAST,RFC1,3,2,2,0,6,Saccharomyces cerevisiae S288C
2344838,P04912,H2A2_YEAST,H2A,HTA2,P38785,GIC1_YEAST,GIC1,1,1,1,0,1,Saccharomyces cerevisiae S288C
2344839,P02294,H2B2_YEAST,H2B,HTB2,P38785,GIC1_YEAST,GIC1,1,1,1,0,1,Saccharomyces cerevisiae S288C
2344840,P61830,H3_YEAST,H3,HHT2,P38785,GIC1_YEAST,GIC1,1,1,1,0,1,Saccharomyces cerevisiae S288C
2344841,P02309,H4_YEAST,H4,HHF2,P38785,GIC1_YEAST,GIC1,1,1,1,0,1,Saccharomyces cerevisiae S288C
1774021,P04912,H2A2_YEAST,H2A,HTA2,P38806,YNG2_YEAST,YNG2,3,2,2,0,4,Saccharomyces cerevisiae S288C
1762306,P61830,H3_YEAST,H3,HHT2,P38827,SET1_YEAST,SET1,6,2,6,0,10,Saccharomyces cerevisiae S288C
2328386,P04911,H2A1_YEAST,H2A,HTA1,P38850,RT107_YEAST,RTT107,1,2,1,0,2,Saccharomyces cerevisiae S288C
1771380,P02294,H2B2_YEAST,H2B,HTB2,P38883,RIX1_YEAST,RIX1,2,2,1,0,3,Saccharomyces cerevisiae S288C
1456213,P02309,H4_YEAST,H4,HHF2,P38890,SET5_YEAST,SET5,6,4,4,0,9,Saccharomyces cerevisiae S288C
1454499,Q12692,H2AZ_YEAST,H2B,HTZ1,P38911,FKBP3_YEAST,FPR3,2,2,2,0,4,Saccharomyces cerevisiae S288C
2310217,P61830,H3_YEAST,H3,HHT2,P38991,IPL1_YEAST,IPL1,4,2,3,0,5,Saccharomyces cerevisiae S288C
1829876,P04912,H2A2_YEAST,H2A,HTA2,P39001,UME6_YEAST,UME6,2,2,1,0,3,Saccharomyces cerevisiae S288C
1809669,P61830,H3_YEAST,H3,HHT2,P39076,TCPB_YEAST,CCT2,2,2,2,0,3,Saccharomyces cerevisiae S288C
1765991,P04911,H2A1_YEAST,H2A,HTA1,P39521,FHL1_YEAST,FHL1,2,2,1,0,4,Saccharomyces cerevisiae S288C
1765993,P02309,H4_YEAST,H4,HHF2,P39521,FHL1_YEAST,FHL1,3,2,2,0,6,Saccharomyces cerevisiae S288C
1781514,P02309,H4_YEAST,H4,HHF2,P39730,IF2P_YEAST,FUN12,3,2,2,0,3,Saccharomyces cerevisiae S288C
2306903,P36012,CENPA_YEAST,H3,CSE4,P39731,MTW1_YEAST,MTW1,3,2,3,0,3,Saccharomyces cerevisiae S288C
1779691,P02309,H4_YEAST,H4,HHF2,P39935,IF4F1_YEAST,TIF4631,4,2,3,0,5,Saccharomyces cerevisiae S288C
1776765,P02309,H4_YEAST,H4,HHF2,P39936,IF4F2_YEAST,TIF4632,2,2,1,0,2,Saccharomyces cerevisiae S288C
1774017,P04912,H2A2_YEAST,H2A,HTA2,P39995,EAF5_YEAST,EAF5,3,2,2,0,3,Saccharomyces cerevisiae S288C
1454286,Q12692,H2AZ_YEAST,H2B,HTZ1,P40019,CHZ1_YEAST,CHZ1,7,3,7,0,9,Saccharomyces cerevisiae S288C
2316031,P02293,H2B1_YEAST,H2B,HTB1,P40019,CHZ1_YEAST,CHZ1,2,2,2,0,2,Saccharomyces cerevisiae S288C
2316032,P02294,H2B2_YEAST,H2B,HTB2,P40019,CHZ1_YEAST,CHZ1,2,2,2,0,2,Saccharomyces cerevisiae S288C
1768117,P02309,H4_YEAST,H4,HHF2,P40048,PTP3_YEAST,PTP3,2,2,1,0,3,Saccharomyces cerevisiae S288C
1831322,P02309,H4_YEAST,H4,HHF2,P40072,SLX8_YEAST,SLX8,2,2,1,0,2,Saccharomyces cerevisiae S288C
1831323,P04912,H2A2_YEAST,H2A,HTA2,P40072,SLX8_YEAST,SLX8,2,2,1,0,2,Saccharomyces cerevisiae S288C
1831163,P04912,H2A2_YEAST,H2A,HTA2,P40090,SCC4_YEAST,SCC4,2,2,1,0,4,Saccharomyces cerevisiae S288C
1806951,P02293,H2B1_YEAST,H2B,HTB1,P40150,SSB2_YEAST,SSB2,2,2,2,0,2,Saccharomyces cerevisiae S288C
1806952,P02294,H2B2_YEAST,H2B,HTB2,P40150,SSB2_YEAST,SSB2,2,2,2,0,2,Saccharomyces cerevisiae S288C
1823543,P02309,H4_YEAST,H4,HHF2,P40150,SSB2_YEAST,SSB2,2,2,2,0,2,Saccharomyces cerevisiae S288C
2336333,P04911,H2A1_YEAST,H2A,HTA1,P40154,IES2_YEAST,IES2,2,2,2,0,2,Saccharomyces cerevisiae S288C
1456021,P61830,H3_YEAST,H3,HHT2,P40161,RT106_YEAST,RTT106,24,5,15,0,44,Saccharomyces cerevisiae S288C
1831511,P02294,H2B2_YEAST,H2B,HTB2,P40164,PP4R3_YEAST,PSY2,3,2,2,0,6,Saccharomyces cerevisiae S288C
1456837,P02294,H2B2_YEAST,H2B,HTB2,P40340,TBP7_YEAST,YTA7,3,2,3,0,3,Saccharomyces cerevisiae S288C
1829807,P61830,H3_YEAST,H3,HHT2,P40438,VTH1_YEAST,VTH1,2,2,1,0,7,Saccharomyces cerevisiae S288C
1766014,P02293,H2B1_YEAST,H2B,HTB1,P40466,FKH1_YEAST,FKH1,2,2,1,0,3,Saccharomyces cerevisiae S288C
1766015,P02309,H4_YEAST,H4,HHF2,P40466,FKH1_YEAST,FKH1,2,2,1,0,3,Saccharomyces cerevisiae S288C
1831198,P04912,H2A2_YEAST,H2A,HTA2,P40509,COPE_YEAST,SEC28,2,2,1,0,3,Saccharomyces cerevisiae S288C
1831928,P02309,H4_YEAST,H4,HHF2,P40513,MAM33_YEAST,MAM33,4,3,3,0,7,Saccharomyces cerevisiae S288C
1831930,P61830,H3_YEAST,H3,HHT2,P40513,MAM33_YEAST,MAM33,3,2,2,0,8,Saccharomyces cerevisiae S288C
1832314,P04912,H2A2_YEAST,H2A,HTA2,P40522,VHR1_YEAST,VHR1,2,2,1,0,2,Saccharomyces cerevisiae S288C
1832015,P04912,H2A2_YEAST,H2A,HTA2,P40541,SCC3_YEAST,IRR1,2,2,1,0,2,Saccharomyces cerevisiae S288C
2306817,P36012,CENPA_YEAST,H3,CSE4,P40568,DSN1_YEAST,DSN1,10,2,10,0,12,Saccharomyces cerevisiae S288C
2314717,P02309,H4_YEAST,H4,HHF2,P40963,SAS2_YEAST,SAS2,3,2,3,0,6,Saccharomyces cerevisiae S288C
1454024,P61830,H3_YEAST,H3,HHT2,P41696,AZF1_YEAST,AZF1,2,2,2,0,3,Saccharomyces cerevisiae S288C
1454025,P02309,H4_YEAST,H4,HHF2,P41696,AZF1_YEAST,AZF1,2,2,2,0,3,Saccharomyces cerevisiae S288C
1766029,P02294,H2B2_YEAST,H2B,HTB2,P41813,FKH2_YEAST,FKH2,2,2,1,0,3,Saccharomyces cerevisiae S288C
1829854,P04912,H2A2_YEAST,H2A,HTA2,P41911,GPD2_YEAST,GPD2,2,2,1,0,5,Saccharomyces cerevisiae S288C
1783772,P02309,H4_YEAST,H4,HHF2,P41940,MPG1_YEAST,PSA1,2,2,2,0,2,Saccharomyces cerevisiae S288C
1787544,P02309,H4_YEAST,H4,HHF2,P42846,KRI1_YEAST,KRI1,3,3,3,0,4,Saccharomyces cerevisiae S288C
1829865,P04912,H2A2_YEAST,H2A,HTA2,P43124,NSE4_YEAST,NSE4,2,2,1,0,5,Saccharomyces cerevisiae S288C
1789881,P02309,H4_YEAST,H4,HHF2,P43558,OTU1_YEAST,OTU1,2,2,2,0,2,Saccharomyces cerevisiae S288C
1774023,P04911,H2A1_YEAST,H2A,HTA1,P43572,EPL1_YEAST,EPL1,2,2,2,0,2,Saccharomyces cerevisiae S288C
1774024,P04912,H2A2_YEAST,H2A,HTA2,P43572,EPL1_YEAST,EPL1,4,2,3,0,6,Saccharomyces cerevisiae S288C
1456756,P61830,H3_YEAST,H3,HHT2,P46677,TAF1_YEAST,TAF1,2,2,2,0,3,Saccharomyces cerevisiae S288C
1456759,P02294,H2B2_YEAST,H2B,HTB2,P46677,TAF1_YEAST,TAF1,2,2,2,0,2,Saccharomyces cerevisiae S288C
1456769,P02309,H4_YEAST,H4,HHF2,P46677,TAF1_YEAST,TAF1,4,2,3,0,5,Saccharomyces cerevisiae S288C
2317227,P02293,H2B1_YEAST,H2B,HTB1,P46963,CTK3_YEAST,CTK3,2,2,1,0,2,Saccharomyces cerevisiae S288C
1831383,P02294,H2B2_YEAST,H2B,HTB2,P46965,SPC1_YEAST,SPC1,2,2,1,0,3,Saccharomyces cerevisiae S288C
1831384,P04912,H2A2_YEAST,H2A,HTA2,P46965,SPC1_YEAST,SPC1,2,2,1,0,3,Saccharomyces cerevisiae S288C
1456078,P02309,H4_YEAST,H4,HHF2,P46995,SET2_YEAST,SET2,4,3,4,0,8,Saccharomyces cerevisiae S288C
1798415,P61830,H3_YEAST,H3,HHT2,P46995,SET2_YEAST,SET2,7,5,6,0,13,Saccharomyces cerevisiae S288C
1779532,P02309,H4_YEAST,H4,HHF2,P47037,SMC3_YEAST,SMC3,4,2,3,0,5,Saccharomyces cerevisiae S288C
1804577,P61830,H3_YEAST,H3,HHT2,P47050,CUL8_YEAST,RTT101,4,3,2,0,4,Saccharomyces cerevisiae S288C
1804578,P02309,H4_YEAST,H4,HHF2,P47050,CUL8_YEAST,RTT101,4,3,2,0,4,Saccharomyces cerevisiae S288C
1831111,P04912,H2A2_YEAST,H2A,HTA2,P47050,CUL8_YEAST,RTT101,2,2,1,0,2,Saccharomyces cerevisiae S288C
1771415,P02294,H2B2_YEAST,H2B,HTB2,P47068,BBC1_YEAST,BBC1,2,2,1,0,4,Saccharomyces cerevisiae S288C
1773995,P04912,H2A2_YEAST,H2A,HTA2,P47128,EAF6_YEAST,EAF6,3,2,2,0,4,Saccharomyces cerevisiae S288C
2306916,P36012,CENPA_YEAST,H3,CSE4,P47149,NNF1_YEAST,NNF1,2,1,2,0,2,Saccharomyces cerevisiae S288C
2316034,P61830,H3_YEAST,H3,HHT2,P47156,JHD2_YEAST,JHD2,4,2,4,0,6,Saccharomyces cerevisiae S288C
1778802,P02309,H4_YEAST,H4,HHF2,P48743,RFX1_YEAST,RFX1,3,2,2,0,4,Saccharomyces cerevisiae S288C
1802532,P04912,H2A2_YEAST,H2A,HTA2,P50102,UBP8_YEAST,UBP8,3,2,2,0,5,Saccharomyces cerevisiae S288C
1829857,P04912,H2A2_YEAST,H2A,HTA2,P50275,ASE1_YEAST,ASE1,3,2,2,0,4,Saccharomyces cerevisiae S288C
1830904,P02294,H2B2_YEAST,H2B,HTB2,P50874,ORC5_YEAST,ORC5,2,2,1,0,2,Saccharomyces cerevisiae S288C
2359877,P61830,H3_YEAST,H3,HHT2,P53012,SCS3_YEAST,SCS3,1,1,1,0,1,Saccharomyces cerevisiae S288C
2359878,P04912,H2A2_YEAST,H2A,HTA2,P53012,SCS3_YEAST,SCS3,1,1,1,0,1,Saccharomyces cerevisiae S288C
1772551,P02294,H2B2_YEAST,H2B,HTB2,P53040,TAF6_YEAST,TAF6,3,2,2,0,3,Saccharomyces cerevisiae S288C
1830480,P04912,H2A2_YEAST,H2A,HTA2,P53076,VID30_YEAST,VID30,2,2,1,0,2,Saccharomyces cerevisiae S288C
1798771,P61830,H3_YEAST,H3,HHT2,P53096,HOS2_YEAST,HOS2,3,3,1,0,4,Saccharomyces cerevisiae S288C
2309156,P04911,H2A1_YEAST,H2A,HTA1,P53115,INO80_YEAST,INO80,4,2,4,0,4,Saccharomyces cerevisiae S288C
2319689,P61830,H3_YEAST,H3,HHT2,P53127,SNT2_YEAST,SNT2,2,1,2,0,3,Saccharomyces cerevisiae S288C
2330037,P02309,H4_YEAST,H4,HHF2,P53127,SNT2_YEAST,SNT2,2,2,1,0,2,Saccharomyces cerevisiae S288C
1774960,Q12692,H2AZ_YEAST,H2B,HTZ1,P53131,PRP43_YEAST,PRP43,2,2,1,0,2,Saccharomyces cerevisiae S288C
1774961,P04912,H2A2_YEAST,H2A,HTA2,P53131,PRP43_YEAST,PRP43,2,2,2,0,2,Saccharomyces cerevisiae S288C
2326715,P61830,H3_YEAST,H3,HHT2,P53165,SGF73_YEAST,SGF73,2,1,2,0,4,Saccharomyces cerevisiae S288C
1771276,P02294,H2B2_YEAST,H2B,HTB2,P53235,EIF2A_YEAST,YGR054W,2,2,1,0,5,Saccharomyces cerevisiae S288C
2316071,P61830,H3_YEAST,H3,HHT2,P53236,RSC1_YEAST,RSC1,2,2,2,0,4,Saccharomyces cerevisiae S288C
1771283,P02294,H2B2_YEAST,H2B,HTB2,P53243,YG2A_YEAST,YGR067C,2,2,1,0,4,Saccharomyces cerevisiae S288C
1401119,P36012,CENPA_YEAST,H3,CSE4,P53267,DAM1_YEAST,DAM1,3,3,3,0,5,Saccharomyces cerevisiae S288C
2306934,P36012,CENPA_YEAST,H3,CSE4,P53298,CENPQ_YEAST,OKP1,7,5,5,0,8,Saccharomyces cerevisiae S288C
1832071,P04912,H2A2_YEAST,H2A,HTA2,P53316,YG5B_YEAST,YGR250C,2,2,1,0,2,Saccharomyces cerevisiae S288C
1773642,P04912,H2A2_YEAST,H2A,HTA2,P53330,RT102_YEAST,RTT102,4,2,2,0,4,Saccharomyces cerevisiae S288C
1773644,P04911,H2A1_YEAST,H2A,HTA1,P53330,RT102_YEAST,RTT102,3,3,2,0,3,Saccharomyces cerevisiae S288C
1454080,P02294,H2B2_YEAST,H2B,HTB2,P53741,BRE5_YEAST,BRE5,3,3,2,0,3,Saccharomyces cerevisiae S288C
1454083,P04912,H2A2_YEAST,H2A,HTA2,P53741,BRE5_YEAST,BRE5,3,3,2,0,3,Saccharomyces cerevisiae S288C
1454084,P02309,H4_YEAST,H4,HHF2,P53741,BRE5_YEAST,BRE5,3,3,2,0,4,Saccharomyces cerevisiae S288C
1759752,P02293,H2B1_YEAST,H2B,HTB1,P53741,BRE5_YEAST,BRE5,2,2,1,0,2,Saccharomyces cerevisiae S288C
1759864,P04911,H2A1_YEAST,H2A,HTA1,P53741,BRE5_YEAST,BRE5,2,2,1,0,2,Saccharomyces cerevisiae S288C
1456811,P02309,H4_YEAST,H4,HHF2,P53853,VPS75_YEAST,VPS75,3,3,3,0,5,Saccharomyces cerevisiae S288C
2336576,P02294,H2B2_YEAST,H2B,HTB2,P53874,UBP10_YEAST,UBP10,2,2,2,0,2,Saccharomyces cerevisiae S288C
2342705,P02293,H2B1_YEAST,H2B,HTB1,P53874,UBP10_YEAST,UBP10,3,1,3,0,3,Saccharomyces cerevisiae S288C
1771825,P02309,H4_YEAST,H4,HHF2,P53877,IPI3_YEAST,IPI3,2,2,1,0,3,Saccharomyces cerevisiae S288C
1785417,P02309,H4_YEAST,H4,HHF2,P53883,NOP13_YEAST,NOP13,2,2,1,0,2,Saccharomyces cerevisiae S288C
1771814,P02294,H2B2_YEAST,H2B,HTB2,P53897,IGO1_YEAST,IGO1,2,2,1,0,3,Saccharomyces cerevisiae S288C
1832374,P04912,H2A2_YEAST,H2A,HTA2,P53946,ARP5_YEAST,ARP5,2,2,1,0,2,Saccharomyces cerevisiae S288C
1454770,P02309,H4_YEAST,H4,HHF2,P53973,HDA1_YEAST,HDA1,2,2,2,0,2,Saccharomyces cerevisiae S288C
1830897,P02294,H2B2_YEAST,H2B,HTB2,P54784,ORC1_YEAST,ORC1,2,2,1,0,3,Saccharomyces cerevisiae S288C
2317322,P61830,H3_YEAST,H3,HHT2,P54784,ORC1_YEAST,ORC1,2,1,2,0,6,Saccharomyces cerevisiae S288C
1455582,P02309,H4_YEAST,H4,HHF2,P54785,MOT3_YEAST,MOT3,2,2,2,0,3,Saccharomyces cerevisiae S288C
1455588,P61830,H3_YEAST,H3,HHT2,P54785,MOT3_YEAST,MOT3,2,2,2,0,3,Saccharomyces cerevisiae S288C
1830903,P02294,H2B2_YEAST,H2B,HTB2,P54791,ORC4_YEAST,ORC4,2,2,1,0,2,Saccharomyces cerevisiae S288C
1831812,Q12692,H2AZ_YEAST,H2B,HTZ1,P54837,TMEDA_YEAST,ERV25,2,2,1,0,2,Saccharomyces cerevisiae S288C
2336325,P04911,H2A1_YEAST,H2A,HTA1,P60010,ACT_YEAST,ACT1,3,4,3,0,5,Saccharomyces cerevisiae S288C
2306726,P04911,H2A1_YEAST,H2A,HTA1,P80428,ARP4_YEAST,ARP4,5,4,3,0,6,Saccharomyces cerevisiae S288C
1764292,P02309,H4_YEAST,H4,HHF2,Q00362,2ABA_YEAST,CDC55,4,3,2,0,11,Saccharomyces cerevisiae S288C
1830282,P04912,H2A2_YEAST,H2A,HTA2,Q00947,STP1_YEAST,STP1,2,2,1,0,2,Saccharomyces cerevisiae S288C
1789353,P02309,H4_YEAST,H4,HHF2,Q01159,MCE1_YEAST,CEG1,3,2,2,0,3,Saccharomyces cerevisiae S288C
1456782,P02309,H4_YEAST,H4,HHF2,Q01477,UBP3_YEAST,UBP3,3,3,2,0,4,Saccharomyces cerevisiae S288C
1456785,P02294,H2B2_YEAST,H2B,HTB2,Q01477,UBP3_YEAST,UBP3,3,3,2,0,3,Saccharomyces cerevisiae S288C
1456789,P04912,H2A2_YEAST,H2A,HTA2,Q01477,UBP3_YEAST,UBP3,3,3,2,0,3,Saccharomyces cerevisiae S288C
1759382,P02293,H2B1_YEAST,H2B,HTB1,Q01477,UBP3_YEAST,UBP3,2,2,1,0,2,Saccharomyces cerevisiae S288C
1759455,P04911,H2A1_YEAST,H2A,HTA1,Q01477,UBP3_YEAST,UBP3,2,2,1,0,2,Saccharomyces cerevisiae S288C
2317339,P02294,H2B2_YEAST,H2B,HTB2,Q01560,NOP3_YEAST,NPL3,2,2,2,0,3,Saccharomyces cerevisiae S288C
2306229,P04911,H2A1_YEAST,H2A,HTA1,Q02336,ADA2_YEAST,ADA2,2,2,2,0,2,Saccharomyces cerevisiae S288C
1788194,P02309,H4_YEAST,H4,HHF2,Q02486,ABF2_YEAST,ABF2,5,3,3,0,12,Saccharomyces cerevisiae S288C
1792326,P04912,H2A2_YEAST,H2A,HTA2,Q02486,ABF2_YEAST,ABF2,5,3,5,0,17,Saccharomyces cerevisiae S288C
1796298,P02294,H2B2_YEAST,H2B,HTB2,Q02486,ABF2_YEAST,ABF2,3,3,2,0,5,Saccharomyces cerevisiae S288C
1455488,P02309,H4_YEAST,H4,HHF2,Q02796,LGE1_YEAST,LGE1,2,2,2,0,3,Saccharomyces cerevisiae S288C
2315486,Q12692,H2AZ_YEAST,H2B,HTZ1,Q02908,ELP3_YEAST,ELP3,2,2,2,0,2,Saccharomyces cerevisiae S288C
1455012,P61830,H3_YEAST,H3,HHT2,Q02959,HOS3_YEAST,HOS3,2,2,2,0,3,Saccharomyces cerevisiae S288C
1455014,P02309,H4_YEAST,H4,HHF2,Q02959,HOS3_YEAST,HOS3,2,2,2,0,3,Saccharomyces cerevisiae S288C
1455040,P04912,H2A2_YEAST,H2A,HTA2,Q02959,HOS3_YEAST,HOS3,2,2,2,0,3,Saccharomyces cerevisiae S288C
2308799,P02309,H4_YEAST,H4,HHF2,Q02983,RRN5_YEAST,RRN5,2,1,2,0,4,Saccharomyces cerevisiae S288C
2316274,P61830,H3_YEAST,H3,HHT2,Q03012,SPP1_YEAST,SPP1,5,4,6,0,13,Saccharomyces cerevisiae S288C
1803168,P61830,H3_YEAST,H3,HHT2,Q03067,SGF11_YEAST,SGF11,2,2,1,0,2,Saccharomyces cerevisiae S288C
1454533,P04912,H2A2_YEAST,H2A,HTA2,Q03330,GCN5_YEAST,GCN5,4,3,3,0,6,Saccharomyces cerevisiae S288C
1454534,Q12692,H2AZ_YEAST,H2B,HTZ1,Q03330,GCN5_YEAST,GCN5,3,3,3,0,3,Saccharomyces cerevisiae S288C
1454554,P61830,H3_YEAST,H3,HHT2,Q03330,GCN5_YEAST,GCN5,19,4,18,0,33,Saccharomyces cerevisiae S288C
1454578,P02294,H2B2_YEAST,H2B,HTB2,Q03330,GCN5_YEAST,GCN5,2,2,2,0,2,Saccharomyces cerevisiae S288C
1454593,P02309,H4_YEAST,H4,HHF2,Q03330,GCN5_YEAST,GCN5,10,4,9,0,16,Saccharomyces cerevisiae S288C
1773340,P04911,H2A1_YEAST,H2A,HTA1,Q03330,GCN5_YEAST,GCN5,3,3,3,0,3,Saccharomyces cerevisiae S288C
1798817,P02294,H2B2_YEAST,H2B,HTB2,Q03406,SLD5_YEAST,SLD5,2,2,2,0,3,Saccharomyces cerevisiae S288C
1798823,P02293,H2B1_YEAST,H2B,HTB1,Q03406,SLD5_YEAST,SLD5,2,2,2,0,3,Saccharomyces cerevisiae S288C
1777776,P02309,H4_YEAST,H4,HHF2,Q03435,NHP10_YEAST,NHP10,3,3,2,0,3,Saccharomyces cerevisiae S288C
1830818,P04912,H2A2_YEAST,H2A,HTA2,Q03435,NHP10_YEAST,NHP10,3,2,2,0,3,Saccharomyces cerevisiae S288C
1765542,P02309,H4_YEAST,H4,HHF2,Q03957,CTK1_YEAST,CTK1,2,2,1,0,3,Saccharomyces cerevisiae S288C
2317218,P04911,H2A1_YEAST,H2A,HTA1,Q03957,CTK1_YEAST,CTK1,2,2,1,0,2,Saccharomyces cerevisiae S288C
2317219,P04912,H2A2_YEAST,H2A,HTA2,Q03957,CTK1_YEAST,CTK1,2,2,1,0,2,Saccharomyces cerevisiae S288C
2317220,P02293,H2B1_YEAST,H2B,HTB1,Q03957,CTK1_YEAST,CTK1,2,2,1,0,3,Saccharomyces cerevisiae S288C
1778963,P02309,H4_YEAST,H4,HHF2,Q03973,HMO1_YEAST,HMO1,5,2,3,0,7,Saccharomyces cerevisiae S288C
1831931,P61830,H3_YEAST,H3,HHT2,Q03973,HMO1_YEAST,HMO1,2,2,1,0,5,Saccharomyces cerevisiae S288C
1831944,P04912,H2A2_YEAST,H2A,HTA2,Q03973,HMO1_YEAST,HMO1,3,2,2,0,6,Saccharomyces cerevisiae S288C
2319374,P02294,H2B2_YEAST,H2B,HTB2,Q04087,LRS4_YEAST,LRS4,2,1,2,0,2,Saccharomyces cerevisiae S288C
1454384,P02309,H4_YEAST,H4,HHF2,Q04089,DOT1_YEAST,DOT1,3,3,3,0,5,Saccharomyces cerevisiae S288C
1767414,P02309,H4_YEAST,H4,HHF2,Q04149,MUS81_YEAST,MUS81,2,2,1,0,4,Saccharomyces cerevisiae S288C
1801870,P02309,H4_YEAST,H4,HHF2,Q04199,CAC2_YEAST,CAC2,5,4,4,0,10,Saccharomyces cerevisiae S288C
1801871,P61830,H3_YEAST,H3,HHT2,Q04199,CAC2_YEAST,CAC2,10,4,9,0,18,Saccharomyces cerevisiae S288C
1831961,P04912,H2A2_YEAST,H2A,HTA2,Q04213,IOC4_YEAST,IOC4,2,2,1,0,3,Saccharomyces cerevisiae S288C
1832007,P02294,H2B2_YEAST,H2B,HTB2,Q04213,IOC4_YEAST,IOC4,2,2,1,0,2,Saccharomyces cerevisiae S288C
1766981,P02309,H4_YEAST,H4,HHF2,Q04377,LCD1_YEAST,LCD1,2,2,1,0,3,Saccharomyces cerevisiae S288C
1769480,P02309,H4_YEAST,H4,HHF2,Q04675,SEN15_YEAST,SEN15,2,2,1,0,3,Saccharomyces cerevisiae S288C
1455792,P02309,H4_YEAST,H4,HHF2,Q04779,RCO1_YEAST,RCO1,2,1,2,0,2,Saccharomyces cerevisiae S288C
1829246,P02294,H2B2_YEAST,H2B,HTB2,Q04779,RCO1_YEAST,RCO1,2,2,1,0,6,Saccharomyces cerevisiae S288C
1787067,P02309,H4_YEAST,H4,HHF2,Q05359,ERP1_YEAST,ERP1,3,2,2,0,3,Saccharomyces cerevisiae S288C
1456704,P02294,H2B2_YEAST,H2B,HTB2,Q05471,SWR1_YEAST,SWR1,3,2,3,0,3,Saccharomyces cerevisiae S288C
1456708,P02309,H4_YEAST,H4,HHF2,Q05471,SWR1_YEAST,SWR1,2,2,2,0,2,Saccharomyces cerevisiae S288C
1456729,P61830,H3_YEAST,H3,HHT2,Q05471,SWR1_YEAST,SWR1,2,2,2,0,2,Saccharomyces cerevisiae S288C
2308429,P04911,H2A1_YEAST,H2A,HTA1,Q05471,SWR1_YEAST,SWR1,4,2,4,0,4,Saccharomyces cerevisiae S288C
2330036,P02309,H4_YEAST,H4,HHF2,Q05580,HEL2_YEAST,HEL2,2,2,1,0,2,Saccharomyces cerevisiae S288C
1830709,P61830,H3_YEAST,H3,HHT2,Q06164,MMS22_YEAST,MMS22,3,2,2,0,3,Saccharomyces cerevisiae S288C
1804601,P02309,H4_YEAST,H4,HHF2,Q06188,YL455_YEAST,YLR455W,4,2,3,0,6,Saccharomyces cerevisiae S288C
1804604,P04911,H2A1_YEAST,H2A,HTA1,Q06188,YL455_YEAST,YLR455W,2,2,1,0,3,Saccharomyces cerevisiae S288C
1804611,P61830,H3_YEAST,H3,HHT2,Q06188,YL455_YEAST,YLR455W,5,4,4,0,7,Saccharomyces cerevisiae S288C
1832167,P02294,H2B2_YEAST,H2B,HTB2,Q06188,YL455_YEAST,YLR455W,3,2,2,0,4,Saccharomyces cerevisiae S288C
1454516,P02309,H4_YEAST,H4,HHF2,Q06205,FKBP4_YEAST,FPR4,4,5,4,0,10,Saccharomyces cerevisiae S288C
1454521,P04912,H2A2_YEAST,H2A,HTA2,Q06205,FKBP4_YEAST,FPR4,2,2,2,0,3,Saccharomyces cerevisiae S288C
1771101,P02293,H2B1_YEAST,H2B,HTB1,Q06344,ESF1_YEAST,ESF1,2,2,1,0,3,Saccharomyces cerevisiae S288C
1829889,Q12692,H2AZ_YEAST,H2B,HTZ1,Q06440,CORO_YEAST,CRN1,2,2,1,0,2,Saccharomyces cerevisiae S288C
1831937,P61830,H3_YEAST,H3,HHT2,Q06440,CORO_YEAST,CRN1,2,2,1,0,2,Saccharomyces cerevisiae S288C
1776581,P04911,H2A1_YEAST,H2A,HTA1,Q06488,RSC2_YEAST,RSC2,2,2,1,0,2,Saccharomyces cerevisiae S288C
1771707,P04911,H2A1_YEAST,H2A,HTA1,Q06554,IRC20_YEAST,IRC20,2,2,1,0,3,Saccharomyces cerevisiae S288C
1771708,P02309,H4_YEAST,H4,HHF2,Q06554,IRC20_YEAST,IRC20,4,2,3,0,6,Saccharomyces cerevisiae S288C
1779240,P04911,H2A1_YEAST,H2A,HTA1,Q06639,RSC3_YEAST,RSC3,2,2,1,0,2,Saccharomyces cerevisiae S288C
1782570,P02309,H4_YEAST,H4,HHF2,Q06685,VIP1_YEAST,VIP1,2,2,2,0,3,Saccharomyces cerevisiae S288C
1829883,P02294,H2B2_YEAST,H2B,HTB2,Q06707,SWC7_YEAST,SWC7,2,2,1,0,3,Saccharomyces cerevisiae S288C
1832157,P04912,H2A2_YEAST,H2A,HTA2,Q06707,SWC7_YEAST,SWC7,2,2,1,0,3,Saccharomyces cerevisiae S288C
1770862,P02293,H2B1_YEAST,H2B,HTB1,Q07381,TSR1_YEAST,TSR1,2,2,1,0,5,Saccharomyces cerevisiae S288C
1454064,P02294,H2B2_YEAST,H2B,HTB2,Q07457,BRE1_YEAST,BRE1,3,3,2,0,3,Saccharomyces cerevisiae S288C
2342757,P02293,H2B1_YEAST,H2B,HTB1,Q07457,BRE1_YEAST,BRE1,4,2,2,0,4,Saccharomyces cerevisiae S288C
1770943,P02294,H2B2_YEAST,H2B,HTB2,Q07623,NOP6_YEAST,NOP6,2,2,1,0,3,Saccharomyces cerevisiae S288C
1770944,P02293,H2B1_YEAST,H2B,HTB1,Q07623,NOP6_YEAST,NOP6,2,2,1,0,3,Saccharomyces cerevisiae S288C
2317723,P02309,H4_YEAST,H4,HHF2,Q07794,RT109_YEAST,RTT109,2,2,2,0,4,Saccharomyces cerevisiae S288C
1831934,P61830,H3_YEAST,H3,HHT2,Q08001,LAM6_YEAST,LAM6,2,2,1,0,3,Saccharomyces cerevisiae S288C
1764715,P02294,H2B2_YEAST,H2B,HTB2,Q08004,BUD20_YEAST,BUD20,2,2,1,0,4,Saccharomyces cerevisiae S288C
1764716,P02293,H2B1_YEAST,H2B,HTB1,Q08004,BUD20_YEAST,BUD20,2,2,1,0,4,Saccharomyces cerevisiae S288C
1764717,P04911,H2A1_YEAST,H2A,HTA1,Q08004,BUD20_YEAST,BUD20,2,2,1,0,4,Saccharomyces cerevisiae S288C
1764718,P02309,H4_YEAST,H4,HHF2,Q08004,BUD20_YEAST,BUD20,2,2,1,0,4,Saccharomyces cerevisiae S288C
1767020,P04911,H2A1_YEAST,H2A,HTA1,Q08387,DNLI4_YEAST,DNL4,2,2,1,0,3,Saccharomyces cerevisiae S288C
1798462,P61830,H3_YEAST,H3,HHT2,Q08465,YNG1_YEAST,YNG1,6,5,7,0,20,Saccharomyces cerevisiae S288C
1832198,P02309,H4_YEAST,H4,HHF2,Q08465,YNG1_YEAST,YNG1,2,3,2,0,4,Saccharomyces cerevisiae S288C
2344834,P61830,H3_YEAST,H3,HHT2,Q08490,SGO1_YEAST,SGO1,3,2,2,0,3,Saccharomyces cerevisiae S288C
1454394,P02309,H4_YEAST,H4,HHF2,Q08649,ESA1_YEAST,ESA1,11,5,10,0,20,Saccharomyces cerevisiae S288C
1454406,P02294,H2B2_YEAST,H2B,HTB2,Q08649,ESA1_YEAST,ESA1,2,2,2,0,2,Saccharomyces cerevisiae S288C
1454408,P04912,H2A2_YEAST,H2A,HTA2,Q08649,ESA1_YEAST,ESA1,8,3,7,0,9,Saccharomyces cerevisiae S288C
1454409,Q12692,H2AZ_YEAST,H2B,HTZ1,Q08649,ESA1_YEAST,ESA1,2,2,2,0,2,Saccharomyces cerevisiae S288C
1774026,P04911,H2A1_YEAST,H2A,HTA1,Q08649,ESA1_YEAST,ESA1,6,3,6,0,6,Saccharomyces cerevisiae S288C
2310290,P61830,H3_YEAST,H3,HHT2,Q08649,ESA1_YEAST,ESA1,6,3,6,0,10,Saccharomyces cerevisiae S288C
1771867,P02294,H2B2_YEAST,H2B,HTB2,Q12161,PSH1_YEAST,PSH1,6,3,4,0,10,Saccharomyces cerevisiae S288C
1771868,P04911,H2A1_YEAST,H2A,HTA1,Q12161,PSH1_YEAST,PSH1,4,2,3,0,5,Saccharomyces cerevisiae S288C
2334840,Q12692,H2AZ_YEAST,H2B,HTZ1,Q12306,SMT3_YEAST,SMT3,1,1,1,0,1,Saccharomyces cerevisiae S288C
2328460,P02309,H4_YEAST,H4,HHF2,Q12321,MED1_YEAST,MED1,2,1,2,0,4,Saccharomyces cerevisiae S288C
1456055,P36012,CENPA_YEAST,H3,CSE4,Q12334,SCM3_YEAST,SCM3,16,7,13,0,20,Saccharomyces cerevisiae S288C
2316053,P02309,H4_YEAST,H4,HHF2,Q12334,SCM3_YEAST,SCM3,3,2,3,0,6,Saccharomyces cerevisiae S288C
1829800,P61830,H3_YEAST,H3,HHT2,Q12341,HAT1_YEAST,HAT1,5,2,4,0,71,Saccharomyces cerevisiae S288C
1829855,P04912,H2A2_YEAST,H2A,HTA2,Q12341,HAT1_YEAST,HAT1,2,2,1,0,13,Saccharomyces cerevisiae S288C
1778836,P02309,H4_YEAST,H4,HHF2,Q12345,IES3_YEAST,IES3,2,2,2,0,2,Saccharomyces cerevisiae S288C
1829799,P61830,H3_YEAST,H3,HHT2,Q12373,HIF1_YEAST,HIF1,8,5,7,0,79,Saccharomyces cerevisiae S288C
2341326,P04911,H2A1_YEAST,H2A,HTA1,Q12373,HIF1_YEAST,HIF1,3,2,2,0,3,Saccharomyces cerevisiae S288C
2341328,P02293,H2B1_YEAST,H2B,HTB1,Q12373,HIF1_YEAST,HIF1,3,2,2,0,3,Saccharomyces cerevisiae S288C
2307242,P04911,H2A1_YEAST,H2A,HTA1,Q12386,ARP8_YEAST,ARP8,2,1,2,0,2,Saccharomyces cerevisiae S288C
1789411,P04911,H2A1_YEAST,H2A,HTA1,Q12406,ARP7_YEAST,ARP7,2,2,1,0,2,Saccharomyces cerevisiae S288C
1789412,P02309,H4_YEAST,H4,HHF2,Q12406,ARP7_YEAST,ARP7,3,3,2,0,4,Saccharomyces cerevisiae S288C
1829866,P04912,H2A2_YEAST,H2A,HTA2,Q12451,OSH2_YEAST,OSH2,2,2,1,0,13,Saccharomyces cerevisiae S288C
2336336,P04911,H2A1_YEAST,H2A,HTA1,Q12464,RUVB2_YEAST,RVB2,2,2,2,0,2,Saccharomyces cerevisiae S288C
1454105,P02309,H4_YEAST,H4,HHF2,Q12495,RLF2_YEAST,RLF2,6,3,6,0,9,Saccharomyces cerevisiae S288C
1454133,P61830,H3_YEAST,H3,HHT2,Q12495,RLF2_YEAST,RLF2,9,3,9,0,16,Saccharomyces cerevisiae S288C
1829886,P02294,H2B2_YEAST,H2B,HTB2,Q12510,CMR1_YEAST,CMR1,4,3,2,0,5,Saccharomyces cerevisiae S288C
1787608,P04912,H2A2_YEAST,H2A,HTA2,Q12680,GLT1_YEAST,GLT1,2,2,2,0,2,Saccharomyces cerevisiae S288C
1768773,P02309,H4_YEAST,H4,HHF2,Q12749,SMC6_YEAST,SMC6,2,2,1,0,5,Saccharomyces cerevisiae S288C
1831895,P04912,H2A2_YEAST,H2A,HTA2,Q12753,HAA1_YEAST,HAA1,2,2,1,0,2,Saccharomyces cerevisiae S288C
1772516,P61830,H3_YEAST,H3,HHT2,Q6WNK7,SUS1_YEAST,SUS1,2,2,1,0,2,Saccharomyces cerevisiae S288C
1772521,P02293,H2B1_YEAST,H2B,HTB1,Q6WNK7,SUS1_YEAST,SUS1,2,2,2,0,2,Saccharomyces cerevisiae S288C
1772535,P02294,H2B2_YEAST,H2B,HTB2,Q6WNK7,SUS1_YEAST,SUS1,2,2,2,0,2,Saccharomyces cerevisiae S288C
1803086,P04912,H2A2_YEAST,H2A,HTA2,Q6WNK7,SUS1_YEAST,SUS1,2,2,1,0,2,Saccharomyces cerevisiae S288C
1771886,P02294,H2B2_YEAST,H2B,HTB2,Q99247,YO087_YEAST,YOL087C,2,2,1,0,3,Saccharomyces cerevisiae S288C
1784751,P02309,H4_YEAST,H4,HHF2,Q9URQ5,HTL1_YEAST,HTL1,2,2,2,0,3,Saccharomyces cerevisiae S288C
1534699,P02309,H4_YEAST,H4,HHF2,Q9Y294,ASF1A_HUMAN,ASF1A,1,1,1,0,1,Saccharomyces cerevisiae S288C
1949116,P04911,H2A1_YEAST,H2A,HTA1,Q15257,PTPA_HUMAN,PTPA,2,2,1,0,2,Saccharomyces cerevisiae S288C
1951810,P61830,H3_YEAST,H3,HHT2,Q96ES7,SGF29_HUMAN,SGF29,2,2,1,0,4,Saccharomyces cerevisiae S288C
2100745,P61830,H3_YEAST,H3,HHT2,O95619,YETS4_HUMAN,YEATS4,2,2,2,0,3,Saccharomyces cerevisiae S288C
1413119,Q12692,H2AZ_YEAST,H2B,HTZ1,Q15906,VPS72_HUMAN,VPS72,2,2,1,0,3,Saccharomyces cerevisiae S288C
1413146,Q12692,H2AZ_YEAST,H2B,HTZ1,O96019,ACL6A_HUMAN,ACTL6A,2,2,1,0,2,HUMAN
2098677,P02309,H4_YEAST,H4,HHF2,Q9NVP2,ASF1B_HUMAN,ASF1B,1,1,1,0,2,HUMAN
1413145,Q12692,H2AZ_YEAST,H2B,HTZ1,Q9Y230,RUVB2_HUMAN,RUVBL2,2,2,1,0,2,HUMAN
1413147,Q12692,H2AZ_YEAST,H2B,HTZ1,Q9Y265,RUVB1_HUMAN,RUVBL1,2,2,1,0,2,HUMAN
2100745,P61830,H3_YEAST,H3,HHT2,O95619,YETS4_HUMAN,YEATS4,2,2,2,0,3,HUMAN
1949116,P04911,H2A1_YEAST,H2A,HTA1,Q15257,PTPA_HUMAN,PTPA,2,2,1,0,2,HUMAN
1413119,Q12692,H2AZ_YEAST,H2B,HTZ1,Q15906,VPS72_HUMAN,VPS72,2,2,1,0,3,HUMAN
1951810,P61830,H3_YEAST,H3,HHT2,Q96ES7,SGF29_HUMAN,SGF29,2,2,1,0,4,HUMAN
1534699,P02309,H4_YEAST,H4,HHF2,Q9Y294,ASF1A_HUMAN,ASF1A,1,1,1,0,1,HUMAN
